date,mean,median,std,low_50,high_50,low_80,high_80,low_95,high_95,type
2020-03-06,0.0,0.0,0.0,0.0,0.0,0.0,0.0,0.0,0.0,estimate
2020-03-07,0.7881051208376885,0.7376302778720856,0.3775007093954095,0.4941403195261955,1.027305781841278,0.344818389415741,1.3012416839599612,0.2143803346902132,1.6247133105993266,estimate
2020-03-08,0.986059353299439,0.9366496205329895,0.3878839386939366,0.7031262665987015,1.2350205183029175,0.5226546466350556,1.4938920617103577,0.37484861761331556,1.844550484418869,estimate
2020-03-09,1.2238870078325272,1.1640409231185913,0.45633512607484206,0.8892074972391129,1.5109659433364868,0.6788282930850983,1.8162673354148868,0.49713548794388773,2.280122232437133,estimate
2020-03-10,1.5302926149815321,1.4773575067520142,0.5394862438069896,1.1453604400157928,1.849632054567337,0.8811267137527465,2.238777804374695,0.6573943495750427,2.7568807661533348,estimate
2020-03-11,1.9643694557845592,1.883866548538208,0.6729937256601467,1.4757243394851685,2.353412687778473,1.165835177898407,2.880887985229492,0.8763857454061508,3.462996757030487,estimate
2020-03-12,2.551814816713333,2.46282696723938,0.8249183571859658,1.9500709474086761,3.0098236799240112,1.5673664927482605,3.650924372673035,1.2506904900074005,4.422858655452726,estimate
2020-03-13,3.319961231827736,3.1900858879089355,1.0205498807691882,2.618646264076233,3.886456787586212,2.127065873146057,4.64515905380249,1.7341596841812135,5.649015164375299,estimate
2020-03-14,4.3106013662219045,4.1870505809783936,1.244918251195759,3.40959769487381,5.02078640460968,2.8543781042099,5.968161678314209,2.263213413953781,7.1391815185546825,estimate
2020-03-15,5.482924951553345,5.275068759918213,1.5032889726111855,4.40227210521698,6.3863972425460815,3.7400666952133177,7.476290321350099,3.07923800945282,8.870785403251647,estimate
2020-03-16,6.83108823955059,6.617910623550415,1.784102894086429,5.532421827316284,7.94006085395813,4.740471124649048,9.250889968872071,3.919048410654068,10.806031417846675,estimate
2020-03-17,8.382863516688348,8.167441844940186,2.1443849844379748,6.8549723625183105,9.741133213043213,5.799192094802857,11.266193675994874,4.795086395740509,13.160327911376948,estimate
2020-03-18,10.064324501037598,9.751046180725098,2.5741452624902452,8.195523262023926,11.603863000869751,7.085611772537232,13.519034385681152,5.841936838626862,15.913030743598933,estimate
2020-03-19,11.960303517580032,11.594827651977539,2.9857508871578693,9.87280559539795,13.791148900985718,8.442612648010254,16.0365535736084,7.048626863956452,18.765530633926378,estimate
2020-03-20,14.146069195985794,13.785342693328857,3.5196891748242556,11.617448329925537,16.191536903381348,10.041308116912841,18.71890316009522,8.568621158599854,22.238828277587867,estimate
2020-03-21,16.716841550827027,16.284692764282227,4.08149455807253,13.810699462890625,19.01649284362793,11.988750743865968,22.00995273590088,10.224240374565124,26.133703947067236,estimate
2020-03-22,19.555823664188384,19.150200843811035,4.476617367272565,16.43156862258911,22.09994888305664,14.196664237976075,25.33399047851563,12.046899271011352,29.6637713432312,estimate
2020-03-23,22.665879640102386,22.185641288757324,5.164837438993596,19.005330085754395,25.646779537200928,16.576030921936034,29.41973686218262,13.996871256828308,34.019122886657705,estimate
2020-03-24,26.106489234924318,25.546632766723633,5.875407071926279,22.04556369781494,29.52659511566162,19.035512924194336,34.08913307189941,16.134136724472047,39.45072107315063,estimate
2020-03-25,29.762102718830107,29.039864540100098,6.658144782664526,25.102816581726074,33.75129413604736,21.728891563415527,38.13118286132813,18.746032857894896,45.018695735931395,estimate
2020-03-26,33.7710721859932,33.009647369384766,7.6123690262708505,28.443164348602295,38.1475191116333,24.510670852661132,44.000534820556645,21.353631448745727,50.47206430435176,estimate
2020-03-27,38.191208925247196,37.279008865356445,8.480011084957091,32.087223052978516,43.25228691101074,28.284878158569335,49.06851310729981,24.368854999542236,57.40585107803343,estimate
2020-03-28,43.15991771125793,42.23918533325195,9.510656061220764,36.48252868652344,48.70879364013672,31.590478515625,55.62075233459473,27.880539989471437,64.40284271240235,estimate
2020-03-29,48.518023161888124,47.28689765930176,10.455748783883354,41.196359634399414,54.50021934509277,36.52059059143066,62.34804611206055,31.224148416519164,72.29920578002927,estimate
2020-03-30,53.665037065505985,52.66710090637207,11.169324835542783,45.66619682312012,60.43482303619385,40.337764739990234,68.20847625732424,35.04448337554932,79.40583343505855,estimate
2020-03-31,58.268594749450685,57.161916732788086,12.023178871182479,49.86115074157715,65.34997177124023,43.82161598205566,74.97272872924805,37.94398727416992,84.4207056045532,estimate
2020-04-01,62.3262891702652,61.12808609008789,12.601492264299928,53.265520095825195,70.28314781188965,46.93088150024414,79.00344314575196,40.418903255462645,90.39844341278076,estimate
2020-04-02,64.76434013557434,64.0777359008789,12.628487726442422,55.53729820251465,72.82638931274414,49.53158798217773,81.72392959594727,43.02076873779297,91.89546375274656,estimate
2020-04-03,66.15008543777466,65.47673797607422,12.479026885503382,57.4464225769043,73.28631401062012,51.05270347595215,82.6573486328125,44.349098682403564,93.08435935974119,estimate
2020-04-04,67.13118227386475,66.12554168701172,12.61626283874673,58.42298221588135,74.97138595581055,51.763654708862305,83.87571563720704,44.832538509368895,94.25406951904294,estimate
2020-04-05,67.30113746261597,66.82537078857422,12.23795260828357,58.52396106719971,75.00008392333984,51.96795310974121,83.08202209472658,45.647975063323976,93.78726749420163,estimate
2020-04-06,67.4350126247406,66.39393997192383,12.556050602062552,58.62953281402588,75.5850715637207,51.844530487060545,83.7230224609375,45.671391010284424,93.30683937072752,estimate
2020-04-07,66.10109550857544,65.34524536132812,11.832178894902864,57.78406524658203,73.72491455078125,51.694136428833005,81.11647109985353,45.02650728225708,92.2359390258789,estimate
2020-04-08,63.849489517211914,63.09914588928223,11.002926215233257,56.235289573669434,70.78958702087402,50.14285850524902,78.4067008972168,44.379421901702884,87.73481636047363,estimate
2020-04-09,60.325384410858156,59.631805419921875,10.623224788008216,52.94276237487793,67.09930419921875,47.15700492858887,74.3886329650879,41.57282123565674,83.06335620880122,estimate
2020-04-10,56.617545744895935,55.535667419433594,10.372093121584161,49.26771926879883,63.03632164001465,44.14281539916992,70.5171989440918,38.89064197540283,78.88400096893308,estimate
2020-04-11,52.6655994720459,51.89048385620117,9.757589425584019,45.800729751586914,58.773929595947266,41.02888412475586,65.68777008056641,35.74100980758667,74.92195281982418,estimate
2020-04-12,49.99331719970703,49.445241928100586,9.577834945612143,43.47792434692383,56.01151180267334,38.39843635559082,62.86810836791992,32.88762645721435,69.79678668975829,estimate
2020-04-13,48.60495712566376,47.73483467102051,9.697046695598067,41.687042236328125,54.84694004058838,36.553945541381836,61.448413467407235,31.481373643875123,68.99557590484618,estimate
2020-04-14,49.27038423061371,48.537235260009766,9.97594709605244,42.23298358917236,55.57602500915527,36.92481956481934,62.21478691101075,32.10206842422485,71.18005599975584,estimate
2020-04-15,51.859967030525205,50.80377960205078,9.99923263227046,44.852840423583984,58.12997531890869,39.83425102233887,64.54406661987305,35.26981678009033,73.95365257263182,estimate
2020-04-16,56.02347805404663,54.863285064697266,10.689814640764666,48.57913017272949,62.656612396240234,43.19856643676758,69.687215423584,38.18023834228516,80.27452716827392,estimate
2020-04-17,60.857365008354186,59.925676345825195,11.003124555257049,52.824724197387695,68.0810604095459,47.134552001953125,75.4632194519043,42.35478982925415,83.769921875,estimate
2020-04-18,66.46532645225525,65.52228927612305,11.93539770980826,57.7788724899292,73.83737754821777,51.93938674926758,82.33617553710937,46.35164966583252,92.04989223480224,estimate
2020-04-19,72.35085856056213,71.00048065185547,12.979292174942323,62.71060752868652,80.81115341186523,56.661676025390626,90.38618392944336,50.399289512634276,99.84384632110594,estimate
2020-04-20,77.91837372779847,76.8665657043457,14.046477623227986,67.84907913208008,86.62356567382812,60.623919296264646,97.3271957397461,53.51693134307861,106.58476314544677,estimate
2020-04-21,83.80655821990966,82.48231887817383,15.475830690162178,72.6979808807373,93.23739051818848,65.45121383666992,104.82108688354495,57.637841892242434,117.85667190551756,estimate
2020-04-22,89.86552519416809,88.58528900146484,16.20234954298705,78.21637535095215,100.0875015258789,69.79430236816407,112.22833862304688,61.80654525756836,123.8351613998413,estimate
2020-04-23,95.7918167514801,94.4394416809082,17.148071638882296,83.54889297485352,106.2719898223877,74.8001708984375,118.23650741577148,66.32467041015624,134.38099060058587,estimate
2020-04-24,101.65822300338745,100.33121871948242,18.324463941564648,88.40950393676758,112.47105979919434,79.78228302001953,126.30657653808595,69.09483776092529,141.4170726776123,estimate
2020-04-25,107.16426480484009,105.51817321777344,19.978858885351638,92.99499702453613,119.2949333190918,83.14346008300781,134.44683990478515,73.51928577423095,150.3433280944824,estimate
2020-04-26,112.09283448028565,110.59951400756836,20.70449938161239,97.17317390441895,124.4011001586914,87.56344680786133,139.86066284179688,77.30633182525635,158.04589805603027,estimate
2020-04-27,116.15969791603088,114.49179458618164,21.71062750193414,100.9695816040039,129.56930541992188,89.32200317382812,144.27547760009767,78.6850378036499,162.68581848144518,estimate
2020-04-28,120.11379445075988,118.47576141357422,22.618974271882294,103.97799491882324,134.69645309448242,92.53440017700196,150.25212402343752,80.03301448822022,168.17034912109372,estimate
2020-04-29,124.4654076385498,122.75409698486328,24.101264788355138,106.89100074768066,140.57548141479492,95.3529899597168,155.7338592529297,83.27276802062988,175.79662361145017,estimate
2020-04-30,128.76569088745117,126.98986053466797,24.97404514430257,110.15926170349121,144.62578964233398,97.84165573120117,162.50626220703126,87.27720794677734,181.31793479919435,estimate
2020-05-01,133.28503310394288,131.4040298461914,25.578770609142158,115.16893577575684,148.69500732421875,101.61224060058593,167.48033905029297,89.98955345153809,187.1320171356201,estimate
2020-05-02,138.55163471221923,135.92565155029297,25.9201205375885,120.39425659179688,154.88733291625977,107.7451889038086,174.00337677001954,93.76889629364014,194.8108715057373,estimate
2020-05-03,144.0288092918396,142.26265716552734,25.7730145938308,125.52541160583496,160.78985977172852,112.90901412963868,177.91532135009766,98.31191730499268,200.77499999999998,estimate
2020-05-04,150.15409641647338,148.03897857666016,26.197311575524505,131.37100219726562,167.01016235351562,118.83874969482422,185.06967163085938,103.90082187652588,205.40466575622548,estimate
2020-05-05,156.02146324539186,154.45396423339844,25.86971675823658,138.9769515991211,172.22789001464844,123.41615676879883,189.94486236572266,108.73218307495117,211.207095336914,estimate
2020-05-06,160.17819309997557,158.81631469726562,26.229583635428302,141.7885284423828,176.41491317749023,127.6466293334961,195.0838409423828,114.65486297607421,216.55580673217767,estimate
2020-05-07,163.68141551208495,161.40361785888672,26.60593210294702,144.66101837158203,180.51260375976562,130.6548812866211,199.230810546875,118.49713191986083,220.30268325805662,estimate
2020-05-08,166.0517632598877,164.5310821533203,27.23982507244752,146.3655662536621,183.38825607299805,133.8583984375,201.2183853149414,117.5815523147583,226.02221069335934,estimate
2020-05-09,167.61550511550902,165.8815689086914,27.454316092806984,149.3565788269043,184.91890716552734,132.58972930908203,203.00314025878907,117.95395202636719,229.15681953430175,estimate
2020-05-10,169.4960618171692,167.89490509033203,27.482838223031976,150.12317657470703,186.77431106567383,135.90209045410157,206.3613540649414,120.89028453826904,228.5308681488037,estimate
2020-05-11,171.74291159057617,169.9678955078125,27.719708992439767,152.48503494262695,189.4353904724121,137.31119689941406,208.28620300292968,121.69607658386231,231.57284126281738,estimate
2020-05-12,175.16276774978638,173.48889923095703,28.6153031124521,155.83189010620117,193.40388107299805,139.77647399902344,213.79224548339843,123.21040554046631,237.4037628173828,estimate
2020-05-13,179.6735963783264,177.58189392089844,29.16256906277521,159.67692184448242,197.65211868286133,144.07244567871095,219.0361770629883,127.66863040924072,244.30414772033689,estimate
2020-05-14,186.23657595825196,184.20736694335938,30.397076192655028,164.12017822265625,205.59012603759766,149.37477264404296,226.74861297607424,133.5596965789795,249.3918643951415,estimate
2020-05-15,194.23220166778563,192.17603302001953,32.16398923002097,170.50370407104492,215.0898208618164,154.8750198364258,236.55916595458984,139.7473575592041,264.8111495971679,estimate
2020-05-16,204.27159330749512,202.39624786376953,34.55409017263534,180.35296249389648,226.08319091796875,161.64541778564453,249.17033233642582,141.64261360168456,276.85510330200196,estimate
2020-05-17,215.11127992248535,213.27723693847656,37.25846458116207,188.42987442016602,239.33026504516602,168.37979736328126,263.9373291015625,149.2836715698242,293.83126373291014,estimate
2020-05-18,226.3365283279419,224.33997344970703,38.739069340219885,198.59508514404297,250.16122436523438,179.79444274902343,276.48071899414066,156.34477691650392,308.5412155151367,estimate
2020-05-19,239.04041137313843,235.81724548339844,41.362190360970864,210.33290481567383,263.56200408935547,188.56266021728516,293.79822692871096,165.80680961608886,329.4597877502441,estimate
2020-05-20,253.01541053009032,250.25902557373047,44.37963146849979,222.48768997192383,281.57972717285156,198.14093475341798,312.1298797607422,175.06508674621583,348.4873794555663,estimate
2020-05-21,268.37469078826905,264.0679168701172,46.92619907641803,235.1611442565918,299.09896087646484,211.13214263916015,330.25452270507816,186.83218421936036,367.2501083374023,estimate
2020-05-22,285.4795793228149,282.1267852783203,49.952543899871074,249.99574661254883,317.4737319946289,222.7744613647461,349.5585845947266,197.29565505981446,390.7861091613762,estimate
2020-05-23,303.6306182556152,301.05030822753906,52.88538613520396,266.19842529296875,338.71907806396484,236.44060363769532,373.3896850585938,209.4183578491211,415.721509552002,estimate
2020-05-24,321.4932836380005,318.1807098388672,55.230672722068824,282.22515869140625,356.9782180786133,252.05099792480468,392.7622009277344,223.1092529296875,436.97159957885725,estimate
2020-05-25,342.0311672668457,338.7125701904297,58.296481046685784,300.9165267944336,378.55481719970703,269.8246307373047,417.82310791015624,240.5702262878418,467.3819465637206,estimate
2020-05-26,362.75892460632326,358.7866973876953,59.55128180812933,320.6337585449219,403.7924118041992,288.9343658447266,443.2030242919922,256.18795890808104,486.0390495300292,estimate
2020-05-27,379.7147164001465,377.18336486816406,59.34191879682374,337.7360305786133,418.60455322265625,303.6964111328125,458.36467895507815,271.16311798095705,501.05118484497063,estimate
2020-05-28,393.8207554244995,391.8972625732422,59.17483522056905,352.3777542114258,432.42767333984375,317.9079315185547,469.37091064453125,287.4877532958984,516.9160278320312,estimate
2020-05-29,401.98181604003906,399.3578338623047,58.91444323679881,362.2741928100586,439.04913330078125,327.0646575927734,479.87948608398443,295.5378776550293,529.6541473388671,estimate
2020-05-30,407.63815489959717,405.2068786621094,59.539768115136056,368.3248748779297,441.7931442260742,329.90924377441405,485.8362182617188,297.0065208435059,534.560270690918,estimate
2020-05-31,407.27708660125734,405.81700134277344,59.35353027139946,364.77368927001953,446.51585388183594,332.1527923583984,483.8929229736329,298.6125030517578,529.2961944580078,estimate
2020-06-01,405.33346545410154,402.90928649902344,59.25081604655887,363.46924591064453,443.1597137451172,331.0956604003906,481.2264709472656,298.9780784606934,529.032615661621,estimate
2020-06-02,404.4574132461548,402.185302734375,61.00165350326881,362.7239456176758,442.7955093383789,328.31141357421876,481.9954864501953,294.44584732055665,531.5382873535156,estimate
2020-06-03,403.61252732086183,399.7620544433594,61.5392554538015,360.4092025756836,442.89642333984375,328.2047515869141,482.40918884277346,290.87958374023435,529.9438354492187,estimate
2020-06-04,403.7225937957764,401.7540588378906,62.24945514827796,360.0719909667969,443.21842193603516,326.6879486083984,485.3590393066407,289.4614852905273,534.2643325805662,estimate
2020-06-05,405.36804611968995,402.1512756347656,64.24451438876083,359.96923828125,446.43011474609375,323.8890777587891,489.64368286132816,286.6369567871094,537.7540817260741,estimate
2020-06-06,407.31492987060545,403.3711395263672,66.0499478185551,358.8562316894531,450.84093475341797,328.01104431152345,491.6995544433594,287.4008613586426,554.6989364624023,estimate
2020-06-07,413.1864139404297,408.635986328125,70.32006619741775,363.2388381958008,457.88191986083984,324.9274383544922,501.3530975341797,290.39833068847656,568.2430587768554,estimate
2020-06-08,425.12372579956053,420.2251434326172,74.74818353868054,372.8140411376953,471.595703125,331.5235992431641,522.6508239746094,294.8104988098145,586.0806411743162,estimate
2020-06-09,439.6902795791626,433.8511505126953,79.51746108404622,383.2041702270508,489.96888732910156,343.6630157470703,544.9609008789063,299.0258186340332,606.5536315917967,estimate
2020-06-10,460.1332275161743,453.2424774169922,84.00662492349281,398.98255157470703,517.0867156982422,358.20618896484376,573.0058532714844,312.9495620727539,634.0905227661133,estimate
2020-06-11,484.55013204193114,478.2135467529297,87.14493912471865,422.80635833740234,541.7274017333984,378.70928649902345,599.6232177734375,329.69188461303713,670.1730545043943,estimate
2020-06-12,513.0002076797485,504.87379455566406,93.89952756525476,444.7948226928711,575.0299072265625,399.45807495117185,637.1241455078126,352.9308517456055,717.171028137207,estimate
2020-06-13,544.2093905944824,537.0738220214844,102.20818902373068,470.3101272583008,606.7682952880859,419.2828643798828,681.547186279297,372.21057052612304,768.22970123291,estimate
2020-06-14,578.2874619445801,568.7591247558594,107.61921566021945,503.16717529296875,641.0278472900391,450.56451416015625,721.2474548339844,388.8900665283203,813.6680313110352,estimate
2020-06-15,615.497318939209,604.4731140136719,115.80112132086384,537.6170654296875,682.7672119140625,474.7634796142578,770.4163513183594,421.8907943725586,873.4679138183593,estimate
2020-06-16,656.0352814941406,642.6471862792969,126.09883375161097,566.2947540283203,733.2311706542969,503.5615295410156,828.0208068847656,441.7181037902832,931.8386611938473,estimate
2020-06-17,705.6363005676269,692.5047912597656,137.12986180641025,608.8677062988281,791.6809234619141,540.0113342285156,882.1870910644532,469.44336166381834,1004.9921630859372,estimate
2020-06-18,761.0019016418457,750.5452575683594,146.51329967313418,658.4527435302734,850.9945068359375,581.4204406738281,951.8800048828126,506.33960876464846,1088.0691986083982,estimate
2020-06-19,820.4660139312745,805.6960754394531,155.38938662958347,709.0238189697266,918.6671600341797,633.6469055175781,1020.1009338378909,550.8141311645508,1146.729147338867,estimate
2020-06-20,879.6373423919678,866.1925354003906,164.45978792475822,761.9086761474609,979.1012878417969,685.9225830078125,1093.384765625,591.4351470947265,1238.4269958496086,estimate
2020-06-21,934.4183786010742,920.4656982421875,176.81715779083677,811.1506500244141,1045.6417541503906,716.3524291992187,1170.1386962890626,623.7620071411133,1309.256134033203,estimate
2020-06-22,980.487026260376,969.9420166015625,182.7680186437818,851.0764007568359,1094.4929504394531,754.8880187988282,1219.09453125,667.7461929321289,1394.3247161865227,estimate
2020-06-23,1020.2236075134277,1010.5518798828125,185.06939940143363,888.6741943359375,1139.1079406738281,796.3245727539063,1262.5907958984378,695.0221221923828,1427.9045593261715,estimate
2020-06-24,1052.4849050445557,1043.4711303710938,188.35159389279022,918.0236663818359,1172.2323303222656,822.3515441894531,1306.488232421875,712.8355834960937,1470.6451690673823,estimate
2020-06-25,1085.1679375,1074.7506103515625,190.71155116904396,946.8450469970703,1205.4687805175781,849.7625183105469,1332.581982421875,753.1577026367188,1486.6916534423826,estimate
2020-06-26,1106.3960963745117,1089.3576049804688,196.19680729975232,963.0898742675781,1233.956787109375,865.4187561035156,1366.9247314453125,777.3070007324219,1517.812951660156,estimate
2020-06-27,1117.244967376709,1101.0878295898438,197.18941670052655,976.4894866943359,1237.9034118652344,880.0210815429688,1372.5615478515626,782.0877792358399,1543.6087249755858,estimate
2020-06-28,1123.737203063965,1107.6900634765625,201.54021305194786,982.8726043701172,1240.7264404296875,879.3019226074218,1394.1078857421876,783.9441101074219,1574.4975616455076,estimate
2020-06-29,1132.9437386169434,1118.8568725585938,208.5332098822232,984.5216064453125,1258.5724792480469,880.5599365234375,1415.9007446289063,786.4572174072266,1597.6724975585935,estimate
2020-06-30,1156.419270324707,1139.1437377929688,210.59987212033133,1006.2324523925781,1294.9145812988281,896.4518127441406,1427.6391601562502,794.0514190673828,1600.7118774414062,estimate
2020-07-01,1191.2670128479003,1177.3439331054688,217.01603662844963,1039.7716369628906,1328.8952026367188,921.2973815917969,1471.2106323242188,804.9340866088867,1660.4813079833984,estimate
2020-07-02,1247.190777709961,1230.1173095703125,226.71764018536803,1084.7057495117188,1390.9974365234375,975.3148132324219,1558.087438964844,837.8398040771484,1728.3447814941405,estimate
2020-07-03,1319.4125863647462,1301.4006958007812,240.41211946158413,1148.4660339355469,1469.7487182617188,1021.3879516601562,1635.0825927734375,900.8833465576172,1843.925885009765,estimate
2020-07-04,1386.4025733642577,1364.4838256835938,255.84042130720067,1203.6825256347656,1546.5502319335938,1080.1560913085937,1723.8186767578131,959.2482360839844,1939.8366424560534,estimate
2020-07-05,1473.4837849121093,1456.7771606445312,275.5075983118202,1283.3509216308594,1644.3774108886719,1133.84130859375,1836.2482299804688,985.7893737792969,2063.0670349121083,estimate
2020-07-06,1568.6082554016114,1548.731689453125,289.96772668501194,1360.1013488769531,1753.6868896484375,1209.6219604492187,1964.4715454101565,1056.2801574707032,2178.020263671874,estimate
2020-07-07,1681.306577697754,1659.833984375,313.3484559416867,1460.6243286132812,1877.8612060546875,1289.7902954101562,2088.5016845703126,1157.5884033203124,2376.241839599609,estimate
2020-07-08,1810.6669057922363,1793.7890625,331.7319506716056,1571.1737365722656,2011.978759765625,1405.2441040039062,2249.7276855468754,1251.5449829101562,2515.585772705078,estimate
2020-07-09,1943.3527217407227,1907.4282836914062,351.3293317794676,1699.9939575195312,2161.9730834960938,1512.1704345703124,2423.85703125,1338.456802368164,2716.769329833984,estimate
2020-07-10,2059.434004699707,2021.5433349609375,366.0710676531111,1809.5044555664062,2281.935302734375,1631.5464965820313,2535.579052734375,1435.7605072021483,2906.782940673828,estimate
2020-07-11,2173.9904003295896,2138.205322265625,391.4632239430374,1894.0849609375,2417.5111083984375,1704.9366577148437,2673.3924072265627,1507.4696197509766,3052.5731750488276,estimate
2020-07-12,2268.362010803223,2237.2369384765625,416.6251093341277,1965.5295104980469,2529.0980834960938,1754.2656616210938,2818.8670166015627,1539.393148803711,3160.880780029296,estimate
2020-07-13,2357.9212385864257,2328.314208984375,431.3584540287479,2052.9405517578125,2635.0907592773438,1823.463134765625,2924.1805419921875,1618.0817474365235,3312.7963195800776,estimate
2020-07-14,2435.1153899536134,2395.00048828125,459.90534099764676,2103.2095336914062,2718.317138671875,1857.479833984375,3038.827099609375,1648.2575897216798,3421.7933105468746,estimate
2020-07-15,2528.3650893554686,2494.20751953125,477.87224419552484,2183.484375,2835.6310424804688,1937.558349609375,3172.580322265625,1716.9279571533202,3560.8900024414056,estimate
2020-07-16,2631.14368548584,2605.514404296875,487.2816463883777,2282.712158203125,2935.82373046875,2033.1380493164063,3261.872241210938,1771.5904998779297,3698.035540771484,estimate
2020-07-17,2768.4521573486327,2730.342041015625,514.540614228941,2410.3766479492188,3083.71533203125,2139.16357421875,3439.8622314453123,1847.024868774414,3908.0068420410153,estimate
2020-07-18,2926.8243891601564,2885.218994140625,529.3058262431226,2543.4866943359375,3236.6179809570312,2293.7596923828123,3643.2904296875,2023.1582489013672,4086.0389221191404,estimate
2020-07-19,3075.9102693481445,3022.3955078125,550.9600727877148,2689.3615112304688,3428.781494140625,2433.920458984375,3802.6445800781253,2144.1475830078125,4225.533715820311,estimate
2020-07-20,3218.9902786254884,3181.4432373046875,549.3201751611165,2830.2147827148438,3554.1245727539062,2558.219677734375,3934.007373046875,2232.298693847656,4378.629382324219,estimate
2020-07-21,3310.4614794921877,3275.697998046875,567.0174326394874,2919.707763671875,3664.2232666015625,2602.500927734375,4044.275390625,2290.098876953125,4501.246374511718,estimate
2020-07-22,3365.8558278198243,3329.204833984375,579.5594460332907,2971.4342651367188,3738.5593872070312,2640.5113037109377,4138.008935546875,2313.914343261719,4616.266174316406,estimate
2020-07-23,3397.418098022461,3376.9398193359375,599.0554862398803,2967.1267700195312,3783.87255859375,2635.29365234375,4190.580859375001,2346.5416931152345,4619.7164306640625,estimate
2020-07-24,3441.2482641601564,3411.425048828125,606.1850577772394,3009.0377807617188,3846.3199462890625,2673.7786865234375,4228.52138671875,2357.1538635253905,4705.17969970703,estimate
2020-07-25,3510.766885070801,3483.2904052734375,620.1093457008437,3087.9384155273438,3902.8081665039062,2729.3775146484377,4324.884326171875,2383.125836181641,4781.432922363281,estimate
2020-07-26,3607.594014099121,3577.951171875,629.2677354915659,3160.4710693359375,4019.9928588867188,2814.4058349609377,4452.834960937501,2507.840411376953,4881.611157226561,estimate
2020-07-27,3710.8522739868163,3676.427734375,622.179784253037,3275.736328125,4111.1881103515625,2935.87978515625,4516.8974609375,2586.543072509766,4983.9491455078105,estimate
2020-07-28,3794.7157332763672,3762.592041015625,621.34905307668,3347.7228393554688,4211.533935546875,3007.1547607421876,4601.9169921875,2706.2120361328125,5062.328259277342,estimate
2020-07-29,3824.2216409912107,3784.2908935546875,608.2579536322628,3408.8583984375,4222.427978515625,3064.058642578125,4615.291259765625,2699.668182373047,5130.112841796875,estimate
2020-07-30,3838.501157714844,3804.34375,585.1107014944494,3430.0103759765625,4222.5223388671875,3103.3682373046877,4599.533789062501,2765.455780029297,5074.481848144531,estimate
2020-07-31,3824.0077310791016,3790.7261962890625,564.7517316760952,3419.9116821289062,4183.4215087890625,3138.2259033203127,4596.67509765625,2778.9775390625,5040.153247070311,estimate
2020-08-01,3813.6658696289064,3793.0421142578125,534.2828544465532,3440.7438354492188,4154.1353759765625,3146.0585693359376,4527.123681640625,2815.063818359375,4929.205163574219,estimate
2020-08-02,3787.753239501953,3771.9964599609375,517.0230991296903,3429.4239501953125,4124.4212646484375,3144.0865478515625,4479.732275390625,2829.771130371094,4850.028955078125,estimate
2020-08-03,3742.8158493652345,3705.8836669921875,511.9010521107881,3386.030517578125,4082.6844482421875,3117.468994140625,4417.433056640625,2808.991558837891,4806.562207031249,estimate
2020-08-04,3686.5882967529296,3662.0986328125,498.26924565103275,3340.9769897460938,4024.3860473632812,3064.9378662109375,4358.0095703125,2768.211358642578,4679.234411621093,estimate
2020-08-05,3623.0179095458984,3610.97802734375,492.6055181945266,3281.5654907226562,3948.6136474609375,3011.2891845703125,4258.807080078125,2697.964874267578,4649.958288574218,estimate
2020-08-06,3591.481301513672,3562.3768310546875,487.4025302750402,3254.0394897460938,3932.499755859375,2972.56123046875,4239.397900390625,2696.5688232421876,4593.860437011718,estimate
2020-08-07,3576.33509375,3564.48681640625,493.5736515579609,3233.7904052734375,3906.97412109375,2950.6143310546877,4223.028906250001,2659.187536621094,4559.8935668945305,estimate
2020-08-08,3614.3943885498047,3597.8863525390625,500.0111623228373,3268.1189575195312,3940.2116088867188,2980.2516845703126,4269.38857421875,2681.6250854492187,4625.987536621094,estimate
2020-08-09,3686.623915710449,3677.72900390625,515.7497271495322,3328.2472534179688,4023.912109375,3031.175537109375,4339.515380859375,2728.0799560546875,4743.271154785155,estimate
2020-08-10,3789.866533325195,3778.84375,528.4684207766194,3423.8098754882812,4134.16796875,3133.819482421875,4463.3310546875,2808.5149353027346,4884.246704101562,estimate
2020-08-11,3920.6776157226564,3919.0205078125,529.23326068133,3546.046875,4279.537841796875,3245.0254150390624,4606.02919921875,2945.907855224609,4966.765466308593,estimate
2020-08-12,4039.2411628417967,4021.16162109375,533.7417424469578,3678.01904296875,4394.628173828125,3376.3236328125,4723.434765625,3028.003698730469,5112.25489501953,estimate
2020-08-13,4152.944884155273,4135.9765625,521.6610568294132,3809.1155395507812,4495.5645751953125,3490.9351318359377,4824.378369140625,3177.501513671875,5205.085949707031,estimate
2020-08-14,4223.156057495117,4217.849853515625,512.0918041421395,3875.2427368164062,4546.1768798828125,3582.7123046875,4883.698193359375,3275.2755493164063,5280.325024414063,estimate
2020-08-15,4241.165272827148,4239.195556640625,502.4892280580259,3876.53369140625,4570.26025390625,3606.0291748046875,4882.992822265625,3322.585626220703,5276.182824707031,estimate
2020-08-16,4211.326203613281,4186.37451171875,489.49819382746125,3889.306640625,4535.2230224609375,3595.4009521484377,4858.816259765625,3283.948193359375,5194.051586914063,estimate
2020-08-17,4132.244885131836,4125.334228515625,475.0613804417455,3807.7606201171875,4454.5025634765625,3528.1315673828126,4739.243798828125,3240.4936279296876,5066.331005859373,estimate
2020-08-18,4005.7232275390625,3995.652587890625,461.9598493014187,3693.840576171875,4295.0338134765625,3436.1740478515626,4613.0693359375,3143.8644165039063,4952.194604492187,estimate
2020-08-19,3852.176077392578,3841.549560546875,436.71436281320183,3546.8538818359375,4131.607666015625,3307.5568115234373,4415.96728515625,3059.4382446289064,4782.104028320312,estimate
2020-08-20,3684.8098199462893,3667.48681640625,415.1028746221222,3398.5985717773438,3955.6369018554688,3168.314013671875,4221.476806640625,2944.4732177734377,4566.169848632812,estimate
2020-08-21,3508.097594970703,3484.8604736328125,392.5962803154364,3226.8226318359375,3754.743896484375,3014.275927734375,4028.9978759765627,2808.2693298339846,4371.777673339843,estimate
2020-08-22,3339.7954666748046,3321.537841796875,366.60760649726706,3074.5444946289062,3574.8281860351562,2883.2818603515625,3818.9185058593753,2678.1755493164064,4101.287365722656,estimate
2020-08-23,3181.7466157226563,3167.6044921875,345.193938955982,2947.4913940429688,3406.99365234375,2750.2663818359374,3631.8121826171873,2550.512170410156,3884.820599365234,estimate
2020-08-24,3035.7737700805665,3017.5216064453125,328.91776591869495,2812.8063354492188,3243.4700927734375,2626.5239501953124,3454.07783203125,2444.336047363281,3729.0592651367183,estimate
2020-08-25,2907.80838293457,2888.38525390625,312.68336550669517,2701.2630615234375,3101.9823608398438,2515.6656494140625,3316.17060546875,2343.2477294921873,3560.2767272949213,estimate
2020-08-26,2799.6129406738282,2781.157470703125,296.3239759651442,2598.8580932617188,2992.6361694335938,2430.4747802734373,3183.73017578125,2270.431964111328,3420.3293457031245,estimate
2020-08-27,2703.001666748047,2690.2679443359375,289.67609713342773,2493.8776245117188,2892.2135009765625,2347.3828125,3076.314208984375,2175.212194824219,3291.3093322753903,estimate
2020-08-28,2623.6978479003906,2605.7547607421875,282.14875098352167,2428.5569458007812,2813.8916015625,2282.5649169921876,2988.2494140625004,2106.6217529296873,3199.6180480957028,estimate
2020-08-29,2557.1836309814453,2542.8074951171875,276.2522831785014,2366.3516845703125,2749.9334716796875,2209.84501953125,2913.4629150390624,2059.7208984375,3124.148010253906,estimate
2020-08-30,2500.25764251709,2493.405029296875,270.2906753507875,2307.1215209960938,2677.9396362304688,2174.56435546875,2849.11083984375,2004.2840759277344,3048.9961914062487,estimate
2020-08-31,2448.1330165405275,2428.8887939453125,263.6234382400072,2266.6611328125,2617.6397705078125,2122.260986328125,2787.6784423828126,1969.6525939941407,3012.9040527343745,estimate
2020-09-01,2396.6002087402344,2381.8643798828125,258.0743628174133,2217.6488647460938,2559.236083984375,2084.6692138671874,2732.3540771484377,1933.4966949462892,2959.747326660156,estimate
2020-09-02,2350.9446085205077,2341.056884765625,248.70927596520082,2182.9421997070312,2508.4114990234375,2040.9220703125,2674.237963867188,1899.1865539550781,2868.8837402343747,estimate
2020-09-03,2306.299653869629,2300.93798828125,240.94538936719587,2138.2365112304688,2460.2921142578125,2001.9545654296876,2617.0016845703126,1866.9364349365235,2807.831231689453,estimate
2020-09-04,2261.82801171875,2257.151611328125,241.71039944843355,2094.0337524414062,2416.2940063476562,1961.038037109375,2571.197680664063,1809.8403564453124,2750.2629150390626,estimate
2020-09-05,2220.1362048950195,2212.81884765625,239.83004142170483,2055.1573486328125,2374.2279052734375,1920.970166015625,2535.504663085938,1782.2507293701171,2715.8695861816404,estimate
2020-09-06,2180.8816931762694,2166.8017578125,237.33537601596836,2016.494140625,2330.9705200195312,1888.1854125976563,2488.3961181640625,1759.3479736328125,2659.208099365234,estimate
2020-09-07,2141.772218811035,2126.8599853515625,235.57307724300543,1983.9039611816406,2291.9651489257812,1843.9307861328125,2446.9416259765626,1724.4782501220702,2628.591986083984,estimate
2020-09-08,2100.6228397216796,2081.4219970703125,232.05751539896485,1942.8722839355469,2251.7998657226562,1805.8960693359375,2401.7058593750003,1688.6584197998047,2579.726458740234,estimate
2020-09-09,2054.5173455810545,2036.8601684570312,225.41380003449376,1900.2047729492188,2199.078857421875,1773.17919921875,2352.7542724609375,1654.7755767822266,2525.5901306152336,estimate
2020-09-10,2008.3328978881837,1992.950439453125,216.4962096500617,1853.9918518066406,2149.3893432617188,1742.298193359375,2302.4905029296874,1620.3073822021483,2456.939141845703,estimate
2020-09-11,1959.11215234375,1948.1596069335938,209.17705786307457,1809.8787231445312,2097.140380859375,1701.721484375,2232.4339111328127,1576.4562561035157,2396.9200805664054,estimate
2020-09-12,1909.2823219604493,1898.1070556640625,200.9523459304657,1767.9707336425781,2048.7133178710938,1663.1006103515624,2166.75048828125,1543.1703674316407,2322.023211669921,estimate
2020-09-13,1862.5741480102538,1854.194091796875,194.887707055046,1728.7607116699219,1990.5310668945312,1619.4869750976563,2115.5307373046876,1508.454571533203,2262.030847167968,estimate
2020-09-14,1820.9686245117186,1814.5133056640625,188.06615022788216,1690.5317993164062,1942.2476501464844,1586.5300903320312,2070.3039306640626,1473.968588256836,2212.2299499511714,estimate
2020-09-15,1781.1594593505858,1774.5958251953125,183.04018028588033,1656.0125122070312,1896.7715454101562,1551.8000610351562,2010.1386596679688,1442.7017486572265,2173.227160644531,estimate
2020-09-16,1745.0162786254882,1736.6806030273438,179.50223670320403,1624.2421875,1857.4794006347656,1521.5340698242187,1969.5020629882813,1413.848321533203,2135.370294189453,estimate
2020-09-17,1711.5338676757813,1701.8045654296875,175.58520568327978,1595.5819702148438,1818.4843139648438,1490.6854858398438,1934.2550659179688,1379.7412567138672,2085.390270996094,estimate
2020-09-18,1684.4001158447265,1673.3102416992188,173.53534534122153,1565.1594848632812,1793.3396911621094,1475.521533203125,1910.4941772460938,1362.2592407226562,2054.704797363281,estimate
2020-09-19,1660.631131652832,1648.090087890625,172.5903205176831,1542.8895874023438,1759.1657104492188,1452.93310546875,1882.69716796875,1358.084524536133,2055.0761901855462,estimate
2020-09-20,1642.4978362426757,1632.02197265625,173.99019595581473,1523.1198425292969,1744.8602905273438,1434.0870971679688,1865.9235717773438,1330.4108795166017,2038.1826568603512,estimate
2020-09-21,1630.923546142578,1621.4569702148438,173.032081223052,1512.0465393066406,1736.035888671875,1423.4486938476562,1861.6702270507815,1317.789566040039,2010.9818389892578,estimate
2020-09-22,1626.8823416748046,1619.15625,173.86813386632647,1507.9461059570312,1734.5758972167969,1413.5922119140625,1852.766198730469,1316.158267211914,2003.7387878417967,estimate
2020-09-23,1629.6441647949218,1623.5958862304688,176.21256650026632,1508.2797546386719,1741.4659423828125,1410.8178955078124,1854.057995605469,1304.5909118652344,2001.1401672363274,estimate
2020-09-24,1639.2850529174805,1634.3469848632812,180.73465237979156,1505.8408813476562,1754.1788940429688,1415.6601318359376,1873.5601440429687,1303.832098388672,2029.5685302734373,estimate
2020-09-25,1656.7899229125976,1653.1034545898438,185.22740550470434,1527.7860412597656,1774.845458984375,1425.9996948242188,1897.327966308594,1317.2584899902345,2050.7155334472654,estimate
2020-09-26,1680.3763999023438,1673.3748779296875,189.01988992870506,1543.2486267089844,1801.3239440917969,1452.5405883789062,1922.457568359375,1332.8228668212892,2083.700421142578,estimate
2020-09-27,1711.680614440918,1706.8221435546875,195.88676872730912,1575.131591796875,1840.5901794433594,1466.2054931640625,1960.9991455078127,1345.6235443115233,2118.6127563476557,estimate
2020-09-28,1750.4048348388671,1737.8854370117188,201.17851121574554,1611.3639221191406,1879.8921203613281,1497.4464965820312,2007.5333129882813,1394.8509460449218,2160.292950439453,estimate
2020-09-29,1790.0323963623048,1776.7893676757812,208.84839551165214,1647.9889526367188,1923.5762939453125,1530.2559448242187,2055.158203125,1423.305517578125,2227.269012451171,estimate
2020-09-30,1825.282936706543,1814.9153442382812,211.49337345188957,1677.2144775390625,1956.2302551269531,1566.2526611328126,2090.4099609375003,1456.595962524414,2276.7682800292955,estimate
2020-10-01,1851.668887878418,1845.0455932617188,209.33526274271105,1711.1782531738281,1978.6807556152344,1601.2419799804688,2110.3545654296877,1473.5085479736329,2304.9312194824215,estimate
2020-10-02,1867.2313801269531,1857.2616577148438,208.92460691519364,1725.6014404296875,1997.154052734375,1613.382275390625,2134.39375,1496.8564453125,2320.684082031249,estimate
2020-10-03,1870.5841844482422,1859.4922485351562,210.52722825748393,1722.8201599121094,1996.2247009277344,1614.6069702148438,2139.6324707031254,1494.4709716796874,2325.0417358398436,estimate
2020-10-04,1861.937691467285,1848.7498168945312,211.29858888724968,1716.2009887695312,1988.0225830078125,1605.35771484375,2140.4107666015625,1486.2322570800782,2314.070635986327,estimate
2020-10-05,1844.6804802246095,1831.1567993164062,212.51861303025856,1705.2750244140625,1971.9172668457031,1588.5861450195312,2122.992138671875,1450.100277709961,2302.119201660156,estimate
2020-10-06,1820.6260451660157,1809.2964477539062,208.72277716606922,1682.0572204589844,1944.8540954589844,1568.245068359375,2091.3315673828124,1441.905029296875,2263.362969970703,estimate
2020-10-07,1789.5771318359375,1778.4940795898438,207.11082643716026,1646.6812744140625,1925.5050354003906,1534.5073120117188,2049.532373046875,1413.9335388183595,2227.4933166503906,estimate
2020-10-08,1758.0566755981445,1747.5762939453125,202.41429919212928,1620.2063293457031,1886.6477355957031,1505.618994140625,2019.3077758789063,1385.9920623779296,2175.2816162109375,estimate
2020-10-09,1726.4004407348632,1718.6686401367188,200.0684758848882,1589.1031494140625,1853.8841857910156,1475.0144775390625,1976.715270996094,1360.9385681152344,2145.979364013672,estimate
2020-10-10,1697.008023803711,1690.5540771484375,198.80516861056333,1565.1299743652344,1831.9099731445312,1448.9458251953124,1949.9853393554688,1319.509698486328,2113.5550354003904,estimate
2020-10-11,1673.7609933776855,1667.0731201171875,198.42119095241335,1540.7007751464844,1801.8955993652344,1433.7202026367188,1933.8653442382813,1294.2581115722655,2080.3210144042964,estimate
2020-10-12,1661.1601784667969,1653.9668579101562,196.46134831089387,1525.46044921875,1785.0076293945312,1417.9569458007813,1915.796826171875,1297.3196228027343,2076.4311584472653,estimate
2020-10-13,1655.5605086669923,1644.1921997070312,196.41685274676527,1519.9075622558594,1778.0290222167969,1417.2538696289062,1915.3274658203125,1304.1556427001954,2068.722149658201,estimate
2020-10-14,1654.986536895752,1648.68115234375,196.1448268557348,1521.0267028808594,1776.0694885253906,1410.9423583984376,1919.9693847656251,1283.7134216308593,2055.2184143066406,estimate
2020-10-15,1662.3057534484863,1656.5599365234375,196.32400142230176,1534.5848693847656,1789.1482543945312,1418.0359741210937,1923.5003662109375,1283.9031799316406,2057.774200439453,estimate
2020-10-16,1669.9441661987305,1664.270751953125,197.58390056927252,1540.2882690429688,1797.0769653320312,1423.1433837890625,1923.6637207031251,1293.3294891357423,2077.630029296875,estimate
2020-10-17,1678.8130037841797,1674.1456909179688,197.86196054926828,1543.8987121582031,1803.1287536621094,1439.1082275390625,1934.0848388671875,1301.7943145751954,2078.3731872558587,estimate
2020-10-18,1690.385612487793,1680.850341796875,196.29090394477223,1556.8045043945312,1813.6490173339844,1444.8881713867188,1944.4870483398438,1323.4110015869142,2097.6693847656247,estimate
2020-10-19,1704.3466182861328,1700.01806640625,195.46369147520147,1573.7875366210938,1826.2872924804688,1462.976611328125,1956.7170654296876,1329.3033416748046,2104.1724487304687,estimate
2020-10-20,1719.7150855712891,1716.3888549804688,194.74359106501308,1586.3712158203125,1849.0730590820312,1471.1130615234374,1963.3877685546875,1351.8273895263671,2105.6524291992187,estimate
2020-10-21,1736.4501275634766,1733.1781005859375,193.74343799211303,1596.5682983398438,1864.173583984375,1485.8003051757812,1981.2849975585943,1387.7442443847656,2116.442468261718,estimate
2020-10-22,1758.9883805541992,1756.0750122070312,195.63806404253143,1624.2490539550781,1892.334228515625,1503.44921875,2000.397412109375,1401.4672149658204,2138.46694946289,estimate
2020-10-23,1785.143252258301,1783.38134765625,198.7761699429063,1647.9350280761719,1915.776611328125,1529.4959594726563,2040.157958984375,1415.2569854736328,2181.1760009765626,estimate
2020-10-24,1813.9111342773438,1807.3160400390625,203.56694083824553,1675.2057189941406,1943.2937316894531,1559.9255615234374,2076.9407958984375,1430.7906188964844,2239.0420166015624,estimate
2020-10-25,1846.562408630371,1840.0313720703125,208.44537695217494,1711.4136047363281,1973.6547546386719,1589.3554931640624,2125.0447021484374,1446.485089111328,2259.1332214355466,estimate
2020-10-26,1879.3139483032226,1873.6077880859375,210.32434715531699,1739.6085510253906,2008.4505004882812,1621.58564453125,2155.2885009765623,1477.73095703125,2303.2221923828124,estimate
2020-10-27,1909.8152088623046,1898.5328979492188,215.1600596358447,1759.6502075195312,2044.5384521484375,1655.3188354492188,2188.940869140625,1507.510513305664,2353.2296508789063,estimate
2020-10-28,1935.7114684448243,1923.3429565429688,214.89983963780838,1787.1847229003906,2074.9169921875,1678.1144653320312,2214.4896484375,1543.0804290771484,2382.6126708984375,estimate
2020-10-29,1954.3756607055664,1945.499755859375,215.4258552899927,1802.508544921875,2095.1196899414062,1683.378515625,2229.6128173828124,1560.9905670166015,2405.208892822265,estimate
2020-10-30,1967.3594097290038,1960.2030639648438,217.04629649937553,1810.2183532714844,2108.97900390625,1691.1519653320313,2255.9110107421875,1572.1893310546875,2414.762414550781,estimate
2020-10-31,1970.668450805664,1961.033935546875,216.08920243233553,1820.6449279785156,2122.1521606445312,1699.1709350585938,2248.689306640625,1565.1116088867188,2400.313195800781,estimate
2020-11-01,1964.7296936035157,1956.6885375976562,214.67422467677298,1814.3349914550781,2110.3353271484375,1693.151025390625,2250.0854248046876,1562.1019714355468,2397.047332763672,estimate
2020-11-02,1949.524605834961,1936.5711669921875,214.8676328270289,1801.731689453125,2088.88427734375,1682.0959594726562,2237.045263671875,1549.0219268798828,2394.6024475097656,estimate
2020-11-03,1929.8857203979492,1923.546630859375,212.65161988829178,1785.0894165039062,2067.4887084960938,1664.2919677734376,2203.336352539063,1536.0423767089844,2389.153466796875,estimate
2020-11-04,1904.9710545043945,1899.2600708007812,208.52736705981565,1761.7736511230469,2044.2890625,1642.4429077148438,2166.1037353515626,1512.3145233154296,2339.4794006347656,estimate
2020-11-05,1881.9182641601562,1876.8478393554688,207.84566910077413,1742.9969787597656,2012.2851257324219,1624.0658447265625,2144.731884765625,1505.7793670654296,2313.8957763671874,estimate
2020-11-06,1856.615373474121,1850.4906005859375,207.24425252497574,1719.4888610839844,1986.7347412109375,1596.4310302734375,2122.6422119140625,1471.2318389892578,2276.33892211914,estimate
2020-11-07,1834.218293762207,1834.0855102539062,208.1734139204182,1694.9785766601562,1963.4013366699219,1571.4638916015624,2098.517333984375,1441.5448455810547,2248.1439941406247,estimate
2020-11-08,1815.1954559326173,1815.7841796875,204.76202343769873,1678.19775390625,1949.6171569824219,1555.5060791015626,2073.70166015625,1430.369613647461,2226.8434448242188,estimate
2020-11-09,1799.32697064209,1794.3246459960938,202.09726047288643,1667.0538330078125,1931.622802734375,1541.9957153320313,2061.405126953125,1415.042056274414,2231.7151550292965,estimate
2020-11-10,1786.9160018310547,1778.7509765625,200.86360975710417,1658.3504333496094,1910.2419128417969,1537.8181884765625,2050.5824951171876,1406.1573425292968,2208.4575378417967,estimate
2020-11-11,1780.5898716430663,1767.7598266601562,198.61425582887728,1650.8290100097656,1909.7471313476562,1542.5682250976563,2042.4096557617188,1407.793994140625,2186.2161254882812,estimate
2020-11-12,1780.9664075317382,1766.5895385742188,198.02425540521887,1649.7716979980469,1912.2132873535156,1541.3281127929688,2036.0909301757813,1414.6875305175781,2187.4886657714837,estimate
2020-11-13,1781.6050241699218,1773.3956909179688,203.5580157143543,1649.0446472167969,1912.4652404785156,1527.6891845703126,2042.0720703125005,1395.0569854736327,2172.3937316894526,estimate
2020-11-14,1786.694169189453,1780.2135620117188,204.6000409444325,1647.3570556640625,1921.6328735351562,1527.811376953125,2053.9273193359377,1412.3746826171875,2198.3827575683595,estimate
2020-11-15,1796.8322980957032,1784.204345703125,207.2355447783487,1657.4391479492188,1935.2622680664062,1537.4666259765625,2056.533154296875,1412.3806945800782,2223.3974060058586,estimate
2020-11-16,1808.4940729370117,1799.50830078125,212.1679866872529,1660.7483215332031,1950.305908203125,1553.39658203125,2084.43271484375,1410.6580291748046,2238.6970275878903,estimate
2020-11-17,1824.876997314453,1813.3607177734375,212.37940128563852,1677.3309020996094,1962.0735778808594,1561.9354858398438,2105.1784912109374,1437.480728149414,2257.299359130858,estimate
2020-11-18,1842.9101582641601,1835.0267944335938,213.13303585096617,1692.0411682128906,1975.2646179199219,1580.1413330078126,2122.3005859375003,1451.075457763672,2285.407824707031,estimate
2020-11-19,1862.384373901367,1856.4577026367188,209.2092450231853,1717.1133117675781,1995.4081726074219,1597.810595703125,2135.978076171875,1478.7527252197265,2298.9004089355462,estimate
2020-11-20,1885.335128173828,1882.0225830078125,207.85212157696068,1745.5285339355469,2022.1080017089844,1629.1858032226562,2149.7177734375,1499.6306274414062,2304.3672912597654,estimate
2020-11-21,1909.5434641723632,1902.4140625,210.76186295720277,1763.3602600097656,2041.0499267578125,1645.0073120117188,2178.391259765625,1526.4347229003906,2337.460021972655,estimate
2020-11-22,1937.2149218139648,1928.6068115234375,214.42330802461967,1786.0614624023438,2072.4276733398438,1670.836376953125,2208.9387939453127,1537.396908569336,2389.16337890625,estimate
2020-11-23,1967.383304260254,1962.3118896484375,214.50372363081615,1820.6651611328125,2107.0196533203125,1696.4693725585937,2244.3314208984375,1587.6194610595703,2397.433197021484,estimate
2020-11-24,2002.7292823486328,1993.383056640625,215.82815393141638,1857.1888732910156,2140.4998168945312,1733.939306640625,2276.0400878906253,1604.2723327636718,2441.582354736328,estimate
2020-11-25,2034.5656645507813,2026.6029052734375,217.06755119627283,1887.0585021972656,2173.202392578125,1765.866162109375,2308.6218505859374,1609.6204345703125,2491.551312255859,estimate
2020-11-26,2063.355384094238,2053.119140625,220.3269836107263,1908.7417907714844,2207.4500122070312,1789.0517333984376,2346.8844970703126,1649.8836975097656,2515.244415283203,estimate
2020-11-27,2091.2550560302734,2085.3291015625,228.60442433755597,1932.3967895507812,2235.929931640625,1797.4758178710938,2376.2503173828127,1672.9933624267578,2561.8696228027343,estimate
2020-11-28,2117.356980163574,2113.412353515625,239.37740278261717,1955.4211120605469,2264.072021484375,1822.0257568359375,2418.1961181640627,1674.3213592529296,2623.8489624023437,estimate
2020-11-29,2145.6014161987305,2139.886962890625,248.16360512069505,1973.8248596191406,2301.521484375,1840.6832153320313,2454.0105712890627,1693.3709899902344,2684.103533935546,estimate
2020-11-30,2179.016986328125,2170.5870361328125,253.20265552227866,2010.9235534667969,2336.051513671875,1854.9251098632812,2490.623901367188,1724.1823028564454,2704.3193542480467,estimate
2020-12-01,2220.1271592407224,2210.0982666015625,257.48361504445216,2052.0353393554688,2386.3075561523438,1888.356201171875,2554.076025390625,1738.1985961914063,2751.520922851562,estimate
2020-12-02,2263.7760811157227,2254.391845703125,264.89900885313284,2087.0216674804688,2429.2361450195312,1927.2708618164063,2609.3128906250004,1760.9499908447265,2813.8931884765625,estimate
2020-12-03,2311.678219238281,2293.304931640625,272.06973387443077,2124.8838500976562,2477.60888671875,1974.8270874023438,2686.472705078125,1810.8831481933594,2876.594836425781,estimate
2020-12-04,2368.2505994262697,2353.262451171875,286.29657033087506,2176.3483276367188,2543.169921875,2020.9716064453125,2759.00439453125,1860.3489318847655,2973.335552978515,estimate
2020-12-05,2436.5121813354494,2419.5133056640625,296.93136156286783,2230.3616943359375,2624.3554077148438,2067.84326171875,2820.9542236328125,1890.828384399414,3056.8595397949216,estimate
2020-12-06,2514.295394226074,2506.81640625,307.7344732612846,2301.0751953125,2719.4775390625,2131.975439453125,2905.3630126953126,1938.6362579345703,3137.6082397460927,estimate
2020-12-07,2609.963241516113,2597.5338134765625,318.9607845171068,2379.2760620117188,2824.4054565429688,2211.041796875,3019.789990234375,2021.8622680664062,3242.8596191406245,estimate
2020-12-08,2719.7221114501954,2699.9732666015625,336.58538527343774,2484.7601318359375,2934.9981689453125,2309.4162841796874,3146.559814453125,2075.789904785156,3398.5511596679685,estimate
2020-12-09,2842.0893689575196,2816.4718017578125,352.07984491252347,2603.1760864257812,3079.7694091796875,2410.5612548828126,3299.447680664063,2182.4302001953124,3559.2010986328123,estimate
2020-12-10,2973.549509765625,2954.7037353515625,371.5137635015802,2722.2886352539062,3217.4825439453125,2512.65234375,3458.526293945313,2283.215985107422,3738.7395751953113,estimate
2020-12-11,3113.3702711791993,3088.8355712890625,392.46533511630975,2846.873291015625,3366.39892578125,2624.390625,3629.6258056640627,2395.020367431641,3921.891192626953,estimate
2020-12-12,3254.437032104492,3243.6107177734375,416.2354793468603,2966.56103515625,3526.6939697265625,2738.8900146484375,3789.8780029296886,2474.869519042969,4098.042932128907,estimate
2020-12-13,3393.892752868652,3381.4052734375,438.4432250750595,3096.40625,3685.1046752929688,2829.306103515625,3967.73056640625,2549.3720642089843,4272.887475585937,estimate
2020-12-14,3527.721757507324,3529.791259765625,455.1999122967638,3219.0538330078125,3831.2703247070312,2953.1526123046874,4117.33173828125,2622.3062133789062,4405.322741699219,estimate
2020-12-15,3661.3965524291993,3663.715087890625,473.1974247103345,3336.948486328125,3977.2269287109375,3060.66826171875,4267.108447265625,2734.8962280273436,4640.423974609374,estimate
2020-12-16,3795.042721801758,3786.5086669921875,511.57744425536043,3456.8679809570312,4130.60009765625,3157.238232421875,4435.672753906251,2772.4577697753907,4821.424499511715,estimate
2020-12-17,3908.021502319336,3895.0408935546875,551.9845912917218,3523.1748046875,4275.2047119140625,3209.8263427734373,4615.862304687501,2840.0211486816406,5028.196130371094,estimate
2020-12-18,4015.6525001831055,3997.9619140625,577.356853493081,3618.4066772460938,4391.9649658203125,3292.1221435546877,4760.28388671875,2934.8051574707033,5177.528649902343,estimate
2020-12-19,4123.335204101562,4115.488525390625,599.8079594276851,3694.3938598632812,4514.18212890625,3373.808251953125,4885.014501953126,3008.936395263672,5354.121752929686,estimate
2020-12-20,4226.029471801758,4215.3857421875,628.102875789534,3780.8485717773438,4650.4503173828125,3424.837158203125,5053.0236328125,3051.115582275391,5504.415612792968,estimate
2020-12-21,4335.307901855469,4319.035888671875,652.5931293551293,3896.0588989257812,4770.43310546875,3515.6835693359376,5193.829980468751,3091.8634765625,5637.960803222656,estimate
2020-12-22,4444.773700073242,4421.046875,671.4312336378173,3987.9754028320312,4903.240234375,3585.4359619140623,5317.77822265625,3194.7973083496095,5806.102490234374,estimate
2020-12-23,4537.87349609375,4515.87060546875,696.4750493247353,4053.8601684570312,4989.1962890625,3649.208154296875,5428.612060546875,3228.40625,5962.132177734374,estimate
2020-12-24,4632.946805786133,4621.91650390625,715.2271000781857,4137.5521240234375,5096.588134765625,3736.7309814453124,5558.521435546876,3312.5325622558594,6058.294592285156,estimate
2020-12-25,4733.113309204102,4712.83447265625,725.9862315473063,4234.9080810546875,5217.2596435546875,3811.10498046875,5662.070556640625,3389.189416503906,6259.6073974609335,estimate
2020-12-26,4837.246716552734,4812.0732421875,737.0697995207015,4305.0128173828125,5336.280029296875,3896.41748046875,5794.730273437501,3501.159814453125,6343.198791503905,estimate
2020-12-27,4957.795047363281,4931.53662109375,747.1947855819146,4426.1824951171875,5481.3582763671875,3977.3821044921874,5946.916064453127,3586.8773498535156,6468.901391601562,estimate
2020-12-28,5067.935956054687,5068.77099609375,766.0842904087336,4522.4818115234375,5573.8966064453125,4061.41201171875,6053.617724609375,3650.1764587402345,6587.531652832031,estimate
2020-12-29,5179.251783569336,5157.097412109375,786.1861016922835,4626.0185546875,5703.1522216796875,4170.88427734375,6170.789697265625,3748.2600036621093,6780.156823730468,estimate
2020-12-30,5289.738695922852,5269.1259765625,803.8181271054339,4732.516845703125,5824.623291015625,4250.14326171875,6293.233837890625,3770.187860107422,6965.3004150390625,estimate
2020-12-31,5402.503088500976,5400.73876953125,814.4890742797464,4822.0404052734375,5948.5882568359375,4350.800732421875,6433.451269531251,3895.3509216308594,7063.009057617187,estimate
2021-01-01,5513.470928955078,5498.507080078125,810.1205810095594,4956.2232666015625,6075.1439208984375,4445.477001953125,6569.058837890625,4016.2600952148437,7126.658593749999,estimate
2021-01-02,5620.772765258789,5618.322021484375,797.0979261792716,5083.553466796875,6153.667236328125,4580.640185546875,6677.623144531251,4087.9297119140624,7183.062915039061,estimate
2021-01-03,5736.850753417969,5736.449951171875,781.3793268493398,5213.4263916015625,6275.4136962890625,4734.39677734375,6731.259521484375,4162.136511230468,7262.537109374999,estimate
2021-01-04,5842.663546508789,5832.788330078125,763.831732580486,5335.57177734375,6368.718017578125,4854.572998046875,6817.318115234376,4342.178002929688,7340.324536132812,estimate
2021-01-05,5914.536401000976,5922.733642578125,755.2991875590205,5392.556396484375,6409.8291015625,4978.5078125,6870.307275390625,4449.096618652344,7451.987597656249,estimate
2021-01-06,5954.473050170898,5958.259033203125,738.3149013354202,5444.114501953125,6462.008544921875,4992.280322265625,6859.004541015625,4481.153112792968,7399.9734252929675,estimate
2021-01-07,5969.099645385742,5965.876220703125,719.9050088082917,5490.7115478515625,6457.4254150390625,5045.847119140625,6870.519580078125,4541.844775390625,7379.142163085938,estimate
2021-01-08,5955.203414672852,5970.145263671875,717.7635230802996,5458.4166259765625,6450.801513671875,5023.4310546875,6842.392041015625,4557.697412109375,7386.5329956054675,estimate
2021-01-09,5925.889123046875,5931.1962890625,699.9473176963677,5436.5162353515625,6387.04296875,5044.7322265625,6806.439794921875,4564.19013671875,7297.724645996092,estimate
2021-01-10,5865.511663818359,5857.670166015625,668.2300154483589,5433.5169677734375,6303.6026611328125,5022.527490234375,6712.5357421875,4530.2598876953125,7204.855432128905,estimate
2021-01-11,5787.898923950195,5777.85986328125,636.7301822733364,5365.54296875,6198.1636962890625,5001.2005859375,6587.800390625001,4530.716723632812,7089.612084960938,estimate
2021-01-12,5680.6628642578125,5649.814208984375,599.7861394991564,5287.794921875,6065.3494873046875,4940.556640625,6418.452294921875,4528.673937988281,6907.623718261718,estimate
2021-01-13,5558.8110546875,5541.618896484375,568.053490448538,5179.931396484375,5926.5008544921875,4844.5697265625,6282.254345703125,4530.434582519531,6716.10205078125,estimate
2021-01-14,5399.343897949218,5378.642822265625,540.9582346495216,5030.2244873046875,5763.871337890625,4735.0365234375,6101.400390625,4413.45703125,6493.5014770507805,estimate
2021-01-15,5217.558400390625,5192.892822265625,516.8308594640165,4864.6910400390625,5557.0606689453125,4579.748291015625,5862.533349609375,4259.904455566406,6335.083325195311,estimate
2021-01-16,5012.546376464844,4974.153564453125,492.1868163213607,4668.9512939453125,5338.240478515625,4413.4455078125,5644.265966796875,4118.704895019531,6044.389331054686,estimate
2021-01-17,4790.729044189453,4756.90478515625,466.8159460764942,4468.4625244140625,5099.7935791015625,4221.244482421875,5382.085302734375,3930.193243408203,5752.631982421874,estimate
2021-01-18,4559.53360546875,4537.13916015625,440.1986651790652,4256.0919189453125,4847.209228515625,4007.5397216796873,5111.61611328125,3733.685662841797,5460.808813476562,estimate
2021-01-19,4324.863636108398,4310.0302734375,409.9453449541523,4042.8526000976562,4584.869873046875,3792.460595703125,4840.977099609376,3585.019561767578,5171.216235351561,estimate
2021-01-20,4083.669467651367,4069.2607421875,382.31332008402114,3822.0187377929688,4319.4796142578125,3596.153369140625,4568.820849609375,3393.16064453125,4864.920849609373,estimate
2021-01-21,3847.1950151367187,3827.3258056640625,359.9855617379025,3601.9607543945312,4082.8377075195312,3393.46474609375,4314.123486328125,3201.101428222656,4579.042871093749,estimate
2021-01-22,3609.5979844970702,3590.8094482421875,339.9544722776445,3376.5568237304688,3830.8767700195312,3190.4929931640627,4039.17822265625,2976.9912048339843,4292.748486328125,estimate
2021-01-23,3379.14422668457,3363.4984130859375,318.23921908407084,3155.3239135742188,3583.4453735351562,2979.8600830078126,3790.138818359375,2801.841412353516,4044.233331298828,estimate
2021-01-24,3158.9068610839845,3141.73486328125,296.1758336448398,2956.0299072265625,3353.5726928710938,2791.744140625,3535.771899414063,2613.7707397460936,3777.5084716796873,estimate
2021-01-25,2949.092071411133,2934.5684814453125,277.0754772479325,2753.7311401367188,3130.2156982421875,2605.7361572265627,3310.687426757813,2451.3159057617186,3508.714477539061,estimate
2021-01-26,2748.942672546387,2736.9930419921875,257.6058638097201,2567.7232055664062,2915.3464965820312,2422.79921875,3098.3453125,2276.10986328125,3277.0882812499995,estimate
2021-01-27,2561.6559862670897,2552.3388671875,239.6777012498391,2393.2838745117188,2711.4788818359375,2259.297607421875,2880.8497558593754,2124.2558654785157,3054.010144042969,estimate
2021-01-28,2387.7384509277344,2377.436767578125,223.74195870179813,2233.6756591796875,2523.4823608398438,2100.2667724609373,2684.085620117188,1978.3971801757812,2864.536926269531,estimate
2021-01-29,2227.9752512207033,2215.3687744140625,208.2553164903429,2089.6925659179688,2357.4884033203125,1966.2019653320312,2506.8120605468753,1848.8124389648438,2666.731909179687,estimate
2021-01-30,2082.685577697754,2072.958251953125,196.75110763470636,1947.7467041015625,2206.8861694335938,1838.936669921875,2338.431103515625,1729.719189453125,2496.629620361328,estimate
2021-01-31,1948.8379377441406,1939.2923583984375,184.40481405863423,1822.8761901855469,2065.1753540039062,1720.6251831054688,2183.551806640625,1615.996844482422,2346.906640625,estimate
2021-02-01,1829.567767578125,1818.3574829101562,174.25834282703576,1703.8107299804688,1936.7681274414062,1617.694140625,2054.3885009765627,1523.001971435547,2213.4711425781247,estimate
2021-02-02,1721.4279854736328,1711.7369384765625,165.8310535139505,1606.3883361816406,1823.9410400390625,1523.2024780273437,1939.090661621094,1429.9195220947265,2074.8866760253904,estimate
2021-02-03,1623.8565989379883,1613.8119506835938,157.00443173371193,1517.8324279785156,1720.1593627929688,1431.5034912109375,1833.4185913085937,1343.5231140136718,1958.7595550537103,estimate
2021-02-04,1535.8274105834962,1522.6242065429688,149.31063892463206,1434.3860778808594,1627.0143432617188,1352.13994140625,1731.0973266601563,1264.0784423828125,1850.9234222412108,estimate
2021-02-05,1457.634956176758,1448.9307861328125,143.15883674708112,1357.9559631347656,1547.5864562988281,1282.1022094726563,1646.8674194335938,1204.289273071289,1759.6836700439449,estimate
2021-02-06,1389.4963007202148,1379.92041015625,136.91644469500488,1296.92431640625,1475.8197021484375,1215.7723510742187,1568.543103027344,1143.8593292236328,1693.6825256347654,estimate
2021-02-07,1330.2056589355468,1320.2738037109375,133.13878118599058,1238.2075805664062,1415.0181884765625,1160.9427001953125,1500.3009399414063,1083.2244964599608,1608.4000518798828,estimate
2021-02-08,1277.8324788208008,1269.3973388671875,129.522563828206,1188.6344909667969,1361.2838134765625,1113.8364013671876,1449.5177124023437,1038.6752655029297,1546.8858489990232,estimate
2021-02-09,1229.2718843383789,1223.3231201171875,126.75468838733072,1140.2334289550781,1314.0383605957031,1071.3328857421875,1395.9128784179688,990.0901397705078,1492.0079437255856,estimate
2021-02-10,1185.833787628174,1181.5698852539062,122.57681135392312,1099.1265258789062,1266.0109558105469,1037.421923828125,1347.0441040039063,961.9362869262695,1440.898934936523,estimate
2021-02-11,1145.2095546264648,1142.8003540039062,119.11917176664566,1062.160400390625,1221.2524719238281,994.6097839355468,1297.715087890625,918.6219802856446,1401.3539642333983,estimate
2021-02-12,1108.5648618164062,1104.4473266601562,116.03893231505695,1027.9772644042969,1184.619140625,960.4235107421875,1257.7140014648437,893.4642684936523,1344.8044525146481,estimate
2021-02-13,1075.2736211547851,1072.5628051757812,114.2232300835004,998.5404052734375,1149.4446716308594,932.8655883789063,1221.5700073242188,867.6857971191406,1306.4620330810542,estimate
2021-02-14,1045.551696533203,1042.3079833984375,110.85300057226844,969.2999877929688,1116.6345520019531,908.6254760742188,1184.8525756835938,844.3259246826171,1277.3898529052733,estimate
2021-02-15,1018.8887297058105,1016.63720703125,106.74605667800132,945.5517120361328,1086.4019470214844,885.82314453125,1153.8644287109375,821.9712127685547,1243.6659362792968,estimate
2021-02-16,993.5094248962403,988.1859130859375,104.89745314707405,921.5115203857422,1060.7544555664062,865.4752319335937,1130.2357543945313,793.7295593261719,1213.5920715332031,estimate
2021-02-17,968.6449549865723,963.37890625,104.04379080735438,898.3963775634766,1033.5782470703125,841.5073913574219,1101.7297119140626,773.1715759277344,1190.0320556640625,estimate
2021-02-18,944.330277130127,939.9673461914062,103.37489697259605,872.5980529785156,1012.9047241210938,817.1062438964843,1075.325280761719,755.9670593261719,1161.5445678710937,estimate
2021-02-19,920.7097980957031,916.5982971191406,103.08216642276268,848.2038269042969,985.3801879882812,791.8558532714844,1054.7694580078125,733.3974349975585,1139.4734466552732,estimate
2021-02-20,899.2433037414551,893.3689880371094,102.80171148094472,829.4211578369141,962.8906555175781,770.8451293945312,1034.0536987304688,715.7805633544922,1118.0208801269532,estimate
2021-02-21,879.1466457519531,872.4528198242188,101.42972452653792,810.5772094726562,941.5770568847656,754.2481384277344,1012.8364868164062,694.2858917236329,1088.4532562255858,estimate
2021-02-22,860.7915498046875,855.7352600097656,99.15152435692305,794.7041320800781,922.3174743652344,735.731982421875,994.7293518066407,677.4945190429687,1068.6825164794923,estimate
2021-02-23,843.9773828125,842.5930480957031,97.02649095622161,778.7208709716797,906.5436859130859,723.4101013183594,969.3922302246094,660.5208190917969,1043.9704803466796,estimate
2021-02-24,829.8339927978516,828.2731323242188,94.07456697918622,765.4466705322266,887.9578704833984,710.4073120117188,947.9251953125,652.8439224243164,1025.7770721435545,estimate
2021-02-25,817.7923095397949,813.5813598632812,93.04414916310361,755.328125,876.9466400146484,698.4872924804688,939.4193664550781,642.9096405029297,1007.6397171020508,estimate
2021-02-26,808.2093330993653,805.963623046875,91.96631674838724,744.7786865234375,868.5174407958984,692.9770202636719,926.980389404297,635.5799621582031,993.7770858764649,estimate
2021-02-27,799.6289190063477,797.1459655761719,91.86486288051915,736.40185546875,860.8347473144531,685.178857421875,917.9559753417968,618.4216964721679,980.1025253295894,estimate
2021-02-28,793.306478149414,789.8722534179688,92.99729159024331,729.8497924804688,852.6644134521484,678.2956359863281,910.234912109375,619.9852874755859,984.0102783203125,estimate
2021-03-01,787.5501204376221,786.0052795410156,94.5619593023527,722.8360748291016,846.9312286376953,666.8981628417969,912.0704711914062,612.1101486206055,985.2762695312497,estimate
2021-03-02,782.6976452789306,777.890625,94.69312193314988,718.3394165039062,839.7760314941406,662.6073852539063,904.4126220703125,608.3692932128906,979.4660308837888,estimate
2021-03-03,778.1881789245606,775.1894226074219,96.54499761139837,713.4354248046875,836.950439453125,660.4437438964844,904.3732604980469,605.4486785888672,977.5169998168943,estimate
2021-03-04,771.4794889984131,765.0693664550781,99.31540199971967,702.8889465332031,831.3157348632812,654.4659545898437,901.3503173828126,590.267805480957,977.2968444824218,estimate
2021-03-05,764.4096397857666,757.1300659179688,102.6865416030717,690.4334564208984,826.5300598144531,636.7858703613281,900.1970397949219,586.5020355224609,981.5586486816404,estimate
2021-03-06,758.2606894378662,752.0153198242188,104.65113230606825,685.5807647705078,820.7782592773438,627.4134216308594,896.4160827636719,577.1074279785156,997.2874893188476,estimate
2021-03-07,753.5246421813965,747.2750549316406,106.51026823518626,678.7642211914062,817.0322418212891,621.3497192382813,896.4210754394533,562.9233856201172,982.5726867675779,estimate
2021-03-08,754.9007065124512,746.1997985839844,107.52440062260786,679.9092254638672,825.9076232910156,621.2409057617188,902.1922119140625,568.6662719726562,979.1478393554685,estimate
2021-03-09,759.1512121887207,750.3091430664062,110.0307621503259,682.9687042236328,828.3882904052734,627.9529357910156,903.6107666015627,556.7386932373047,993.1951049804687,estimate
2021-03-10,768.463493347168,760.446044921875,111.69529460389792,689.8123016357422,838.1618499755859,632.4038818359375,914.3036010742188,567.6643890380859,1008.3291534423827,estimate
2021-03-11,778.2459512939453,771.7258605957031,114.84512386304206,698.6298980712891,853.6282043457031,639.1445434570312,927.2680297851563,567.5655548095704,1016.2947463989257,estimate
2021-03-12,793.0143516235352,786.7333068847656,118.97869931594242,711.5385284423828,872.6739501953125,648.0901611328125,944.2567016601564,578.2363159179688,1033.8054077148436,estimate
2021-03-13,809.575917678833,803.0796813964844,123.87787101137216,722.6772918701172,890.3183898925781,654.7320617675781,969.0739868164062,589.3088363647461,1064.8383697509762,estimate
2021-03-14,830.7932170562744,826.7420349121094,132.30797167910353,735.4931030273438,918.2485504150391,665.6647155761718,1003.4476989746095,590.2072860717774,1105.521417236328,estimate
2021-03-15,856.0322061309814,846.35302734375,135.08015569471502,759.6845703125,948.9287109375,686.1182006835937,1037.7232666015625,613.3361312866211,1135.6025665283203,estimate
2021-03-16,882.86784375,874.8352966308594,140.72823631288364,784.5333251953125,975.5703430175781,702.4285522460938,1062.5647338867188,624.0635528564453,1174.5563018798823,estimate
2021-03-17,911.7315831604004,904.0443420410156,144.19784444190014,809.5112152099609,1006.2455902099609,733.1708068847656,1100.6645263671876,652.2316299438477,1209.7820159912105,estimate
2021-03-18,939.7343869018555,929.2267761230469,151.38519882540268,833.9259643554688,1038.5303039550781,752.1075073242188,1142.7926391601563,659.4397323608398,1253.5832916259762,estimate
2021-03-19,968.7912597045898,963.1410522460938,159.44875993153926,854.3374786376953,1072.4997863769531,773.5438354492187,1180.6585693359375,676.1029159545899,1291.367199707031,estimate
2021-03-20,1000.8001498413086,991.3458862304688,164.69661994390967,885.5695648193359,1109.8992309570312,791.4231079101562,1217.9211181640626,714.6041763305664,1354.444482421875,estimate
2021-03-21,1037.5124439392089,1026.6614379882812,172.9983201270726,911.7933502197266,1149.9768371582031,823.8286804199219,1265.212451171875,738.5608413696289,1412.0765136718749,estimate
2021-03-22,1082.1229993896484,1068.9879760742188,181.02578378307317,951.3492736816406,1199.5149230957031,858.3753845214844,1329.6863403320312,778.8735168457031,1454.2531188964842,estimate
2021-03-23,1134.8290680236817,1118.3560791015625,187.8371728816309,996.3580627441406,1256.7612609863281,905.773779296875,1394.6377319335938,821.6473754882812,1533.2285125732421,estimate
2021-03-24,1205.738723236084,1192.9874877929688,197.1942417220611,1063.86962890625,1334.3076782226562,958.508837890625,1475.528649902344,859.9422805786132,1623.4508758544919,estimate
2021-03-25,1281.7839664916992,1267.392822265625,207.44003879047062,1134.3024597167969,1414.1720581054688,1023.6525207519531,1558.4676879882816,920.0222595214843,1714.1821685791015,estimate
2021-03-26,1360.9972017517089,1344.0674438476562,221.06194058009314,1211.3024597167969,1497.27587890625,1086.2704711914062,1656.6082153320312,960.6884994506836,1836.1224517822259,estimate
2021-03-27,1452.6970936279297,1439.8763427734375,237.17362653505094,1290.2139587402344,1602.8613891601562,1166.0077880859376,1762.9762817382812,1009.2700866699219,1949.6555816650387,estimate
2021-03-28,1545.1944223937987,1530.8604736328125,260.1747444158776,1358.6804504394531,1705.7962036132812,1231.145947265625,1885.576513671875,1082.2297943115234,2108.149163818359,estimate
2021-03-29,1638.963641571045,1623.5791625976562,274.78872930738993,1446.44970703125,1809.5488586425781,1301.14501953125,1994.448767089844,1141.8199340820313,2222.731970214843,estimate
2021-03-30,1741.5720897216797,1718.97607421875,294.6481851318942,1533.1235656738281,1930.9199523925781,1387.2139526367187,2118.2549316406253,1209.6080078125,2375.9489929199217,estimate
2021-03-31,1845.6628733520508,1824.7222900390625,317.59869198796093,1620.2193603515625,2040.0565490722656,1449.0095581054688,2277.66943359375,1290.4452392578125,2523.845312499999,estimate
2021-04-01,1944.455176940918,1917.5095825195312,343.8182006825186,1708.3048706054688,2154.5442504882812,1529.2730346679687,2405.8069580078127,1324.291244506836,2703.5833557128904,estimate
2021-04-02,2061.414361083984,2035.2499389648438,368.3283515434416,1813.6756896972656,2296.8007202148438,1587.9044189453125,2555.08212890625,1418.3900115966796,2886.3878601074216,estimate
2021-04-03,2182.303669921875,2158.4912109375,387.9032815565025,1911.0548706054688,2426.5548095703125,1702.0495849609374,2671.0462646484375,1496.701919555664,3033.8906127929686,estimate
2021-04-04,2335.906974731445,2313.424072265625,389.7443367033689,2066.7472534179688,2571.0314331054688,1854.2414794921874,2847.7739746093753,1654.4251495361327,3191.73403930664,estimate
2021-04-05,2498.5345061035155,2480.007080078125,408.4134513350617,2216.81396484375,2754.7464599609375,1986.1687866210937,3027.200439453125,1752.9277648925781,3339.8542175292964,estimate
2021-04-06,2675.4777290649413,2659.6258544921875,423.38145578623715,2373.3473510742188,2949.0774536132812,2143.3164306640624,3224.639819335938,1922.0225616455077,3537.019256591796,estimate
2021-04-07,2862.454068359375,2850.0657958984375,444.48654602866617,2560.2874145507812,3139.1010131835938,2308.4667236328123,3437.362841796875,2071.878582763672,3773.7854187011703,estimate
2021-04-08,3034.3852326049805,3014.7445068359375,460.00612186047465,2710.860107421875,3334.8189697265625,2469.6884033203123,3629.1292724609375,2218.566375732422,3994.3327819824217,estimate
2021-04-09,3207.0440931396483,3176.0966796875,468.5737526087399,2896.3094482421875,3508.540283203125,2620.235595703125,3796.7945556640625,2364.909295654297,4174.787927246093,estimate
2021-04-10,3375.8128358154295,3359.3646240234375,487.10234750105815,3041.0960693359375,3679.06396484375,2766.687451171875,3992.2610839843755,2495.318878173828,4395.758923339843,estimate
2021-04-11,3539.936958984375,3496.4600830078125,496.28926913236353,3213.91259765625,3847.3967895507812,2941.3896484375,4176.68828125,2619.7124877929687,4606.004333496094,estimate
2021-04-12,3704.0961954345703,3678.7939453125,516.0913349870754,3358.3794555664062,4012.8074951171875,3071.7142822265623,4368.185888671876,2756.1130859375,4823.763488769531,estimate
2021-04-13,3856.925172363281,3825.837890625,526.7927079776621,3497.7394409179688,4174.9649658203125,3195.086767578125,4551.931689453125,2916.8745239257814,4997.815600585936,estimate
2021-04-14,3983.8317153320313,3954.259521484375,536.7254773129741,3623.3142700195312,4327.91650390625,3314.5818603515627,4695.53349609375,2981.978094482422,5126.806872558594,estimate
2021-04-15,4103.531128540039,4084.9752197265625,551.0736035583666,3710.6984252929688,4467.0179443359375,3407.764208984375,4820.112060546875,3076.886364746094,5254.147534179688,estimate
2021-04-16,4199.721927734375,4180.259033203125,558.8206795922757,3802.075439453125,4568.6143798828125,3498.9367431640626,4946.32890625,3162.6396606445314,5326.311413574218,estimate
2021-04-17,4295.274747436523,4271.130615234375,565.1327684247735,3912.8062744140625,4651.5906982421875,3604.49384765625,5021.377490234375,3243.9266723632813,5468.049743652341,estimate
2021-04-18,4369.741684204101,4356.037841796875,566.5242139815593,3997.2006225585938,4751.29052734375,3659.639990234375,5066.835546875001,3283.238977050781,5548.170788574219,estimate
2021-04-19,4431.120107055664,4417.677978515625,568.311661576737,4054.7616577148438,4799.968017578125,3718.1054443359376,5144.824804687501,3320.4675476074217,5613.7180297851555,estimate
2021-04-20,4476.712704467774,4466.274658203125,556.1335727801428,4114.6749267578125,4833.9266357421875,3766.5596923828125,5173.348486328125,3442.151531982422,5626.489794921873,estimate
2021-04-21,4500.927468261719,4479.768310546875,553.6684398684113,4129.4593505859375,4859.420166015625,3820.114013671875,5220.16259765625,3503.6337036132813,5603.164294433594,estimate
2021-04-22,4505.751794311524,4480.9736328125,553.5849635847284,4131.7265625,4862.2808837890625,3814.7927490234374,5214.11513671875,3456.026202392578,5634.551257324219,estimate
2021-04-23,4503.081817871093,4493.97021484375,551.4235232535385,4132.550048828125,4867.1595458984375,3802.86962890625,5219.33681640625,3442.2077026367188,5585.879248046875,estimate
2021-04-24,4498.783973388672,4488.3916015625,544.7964795042998,4137.3643798828125,4849.7254638671875,3803.3725341796876,5203.183154296876,3454.6336975097656,5608.267761230466,estimate
2021-04-25,4492.5086387939455,4479.3623046875,549.7356024839889,4126.60888671875,4856.2144775390625,3801.312109375,5194.557568359375,3456.4497680664062,5645.252124023437,estimate
2021-04-26,4475.477106079102,4469.256591796875,550.4390177129362,4114.9375,4837.1015625,3780.4150390625,5163.097802734375,3426.157080078125,5598.286474609375,estimate
2021-04-27,4461.513428100586,4455.42041015625,548.7630074817077,4090.2605590820312,4821.7703857421875,3768.2599609375,5166.483496093751,3390.294561767578,5551.428454589843,estimate
2021-04-28,4447.396856689453,4437.099365234375,537.4933144978436,4067.0427856445312,4811.3646240234375,3753.872216796875,5133.134521484375,3463.315222167969,5497.460424804687,estimate
2021-04-29,4429.218138793945,4417.080322265625,538.4140431707574,4050.871826171875,4782.4744873046875,3732.412548828125,5128.435400390626,3445.9869873046873,5530.167834472656,estimate
2021-04-30,4422.426486083984,4411.577880859375,532.3628383342794,4054.239501953125,4761.5972900390625,3747.46201171875,5109.635498046875,3451.9511474609376,5540.117944335936,estimate
2021-05-01,4419.728780883789,4418.79052734375,522.5187254406519,4053.2374267578125,4763.905029296875,3758.90400390625,5081.643798828125,3463.431506347656,5509.010278320311,estimate
2021-05-02,4424.162299926757,4399.680419921875,527.8667817594642,4069.9934692382812,4757.12158203125,3765.923193359375,5104.164355468751,3464.8850708007812,5535.10655517578,estimate
2021-05-03,4440.251794555664,4413.948486328125,535.4551011219307,4092.7444458007812,4779.289306640625,3752.7050048828123,5136.9529296875,3491.9700256347655,5592.647851562499,estimate
2021-05-04,4461.651577758789,4436.68408203125,566.0941008346505,4079.591796875,4814.17431640625,3753.0577392578125,5197.032421875001,3442.4091613769533,5665.586633300781,estimate
2021-05-05,4495.037647216797,4461.76904296875,640.1595833039514,4041.9462890625,4879.8291015625,3722.7409423828126,5339.04287109375,3396.4118469238283,5910.740124511717,estimate
2021-05-06,4541.460954467773,4465.8505859375,768.4478464278121,4005.04345703125,4992.8226318359375,3625.1295654296873,5550.929931640626,3292.150006103516,6299.993481445308,estimate
2021-05-07,4596.377887329101,4472.109375,944.9791016668041,3934.7457275390625,5118.71044921875,3512.0085205078126,5847.565673828125,3103.0236877441407,6762.137756347655,estimate
2021-05-08,4684.240416259766,4469.234375,1212.4786786080601,3848.43115234375,5303.2236328125,3338.3870361328127,6236.854931640625,2875.609747314453,7731.372424316404,estimate
2021-05-09,4808.650335327148,4499.3623046875,1564.0558915589606,3752.1630859375,5525.319091796875,3191.61904296875,6767.093457031251,2662.632489013672,8782.764624023435,forecast
2021-05-10,4956.266700988769,4539.138427734375,1995.3744906329355,3640.097412109375,5742.6495361328125,3014.293359375,7406.86357421875,2473.605816650391,10086.101904296875,forecast
2021-05-11,5132.881778991699,4548.724609375,2512.9055641426758,3519.3427124023438,5989.6612548828125,2818.329248046875,8126.180175781252,2261.395867919922,11610.22456054687,forecast
2021-05-12,5343.211850158691,4563.947021484375,3132.9704066087484,3402.19775390625,6246.5777587890625,2646.3656494140623,8835.705859375003,2067.8791931152346,13449.862890625,forecast
2021-05-13,5591.885525390625,4583.537353515625,3877.9288532654796,3306.8317260742188,6503.966064453125,2495.2465087890623,9742.030761718752,1873.2030853271485,15651.660034179675,forecast
2021-05-14,5883.755826660156,4583.767822265625,4775.074145618788,3173.3833618164062,6765.9759521484375,2329.6101806640627,10648.885546875,1702.9377380371093,18471.86552734373,forecast
2021-05-15,6224.080498291016,4602.671875,5855.464391256533,3058.8392944335938,7058.0594482421875,2180.136328125,11707.083691406251,1544.963558959961,21394.16401367186,forecast
2021-05-16,6618.127162506104,4599.132080078125,7151.540465001118,2938.823974609375,7388.3199462890625,2031.08701171875,12862.519140625007,1413.1451385498046,24624.7028320312,forecast
2021-05-17,7070.995829833984,4586.171875,8692.731649054438,2829.5323486328125,7731.5478515625,1900.604052734375,14113.530078125,1286.7217834472656,28479.429687499927,forecast
2021-05-18,7586.91100982666,4612.994384765625,10498.685664054601,2719.6851196289062,8065.9112548828125,1770.9934204101562,15441.538867187503,1171.3378967285157,33049.84501953118,forecast
2021-05-19,8168.495292266845,4615.54150390625,12570.54314154831,2619.8128662109375,8427.74755859375,1644.423681640625,16770.0791015625,1067.4896728515625,38720.280664062484,forecast
2021-05-20,8815.895814498901,4610.50244140625,14882.54209835765,2519.6738891601562,8819.352783203125,1537.2267944335938,18185.934960937502,974.1368392944336,44553.18642578118,forecast
2021-05-21,9526.056275482179,4588.65087890625,17377.819176021105,2430.336669921875,9196.813720703125,1431.7468872070312,19748.331640625005,886.1748580932617,51017.007519531246,forecast
2021-05-22,10292.36482888794,4586.90380859375,19972.843534064898,2342.193115234375,9662.983642578125,1339.551416015625,21653.1115234375,804.8174331665039,57616.45136718749,forecast
2021-05-23,11105.24586819458,4611.897705078125,22571.82174475137,2252.3221435546875,10062.00732421875,1250.7869018554688,23625.984960937527,731.6564819335938,65538.44707031247,forecast
2021-05-24,11952.749710769653,4631.291015625,25086.87592795687,2173.6932373046875,10516.5693359375,1175.4132568359375,25754.313476562504,666.8066131591797,74015.63281249994,forecast
2021-05-25,12821.979370788575,4637.275390625,27454.25262844747,2080.85791015625,10999.2861328125,1099.224206542969,27958.382226562502,607.0024795532227,83977.01757812499,forecast
2021-05-26,13699.95178844452,4631.746826171875,29639.10017296975,2004.7060546875,11486.1259765625,1021.587646484375,30212.176562500055,552.4303634643555,93546.13281249996,forecast
2021-05-27,14574.127103088378,4628.103759765625,31627.929944208332,1922.5930786132812,11985.79150390625,958.9586364746094,32813.01718750007,502.91382293701173,103901.999609375,forecast
2021-05-28,15432.694728164674,4619.96728515625,33416.176048402995,1850.234130859375,12477.568359375,897.7871887207032,35560.92500000008,457.8776031494141,113870.190625,forecast
2021-05-29,16264.615385940551,4610.943359375,34998.682445690436,1784.441650390625,12993.73193359375,839.0448547363281,38545.623046875065,416.92038574218753,123858.08085937485,forecast
2021-05-30,17059.620547409057,4621.13525390625,36367.034654294395,1724.4097595214844,13464.99755859375,781.2068725585938,41635.82890625001,378.34383697509764,133633.8425781248,forecast
2021-05-31,17808.75069995117,4629.3427734375,37512.196444167515,1658.0680847167969,13911.598876953125,727.4684997558594,44669.049218750035,344.2024467468262,140665.70234374993,forecast
2021-06-01,18504.49900297165,4642.90869140625,38429.0745588778,1594.8117980957031,14406.033203125,677.7169128417969,48238.78867187501,312.5019187927246,147279.88984374987,forecast
2021-06-02,19141.014196289063,4637.895751953125,39120.09424694526,1534.8637084960938,14884.3017578125,634.6485961914062,51701.08281250005,283.6617057800293,150247.57109374992,forecast
2021-06-03,19714.266938533783,4636.04541015625,39596.18803037967,1477.2345275878906,15447.8701171875,594.8997985839844,55187.74257812506,257.8202499389648,151397.67265624987,forecast
2021-06-04,20221.817552471162,4630.222900390625,39875.6227224341,1424.822509765625,15968.436279296875,554.7478942871094,58649.339453125016,234.0541027069092,153595.673046875,forecast
2021-06-05,20662.907881031035,4637.5126953125,39981.335538601925,1369.5250244140625,16416.0322265625,516.824951171875,62048.20859375001,212.57550086975098,152663.13632812476,forecast
2021-06-06,21037.78468774414,4632.975341796875,39938.06645030888,1314.6835632324219,17004.67333984375,485.9960083007813,65494.016796875,192.4925437927246,154103.51367187419,forecast
2021-06-07,21347.717662378313,4619.473876953125,39769.60191713035,1262.9886779785156,17564.8857421875,451.54242553710935,68820.37421875003,173.691658782959,156387.8812499999,forecast
2021-06-08,21594.536123897553,4611.038330078125,39497.14151681284,1214.8085021972656,18133.501953125,422.6394836425781,71787.54531250002,157.2663387298584,155509.9957031249,forecast
2021-06-09,21780.647457290648,4583.87353515625,39138.20240236931,1166.9869995117188,18732.25830078125,395.52287902832035,74436.35078125,142.66103973388672,152054.81328124972,forecast
2021-06-10,21908.67412839222,4583.153076171875,38706.736353674154,1121.8027648925781,19401.734375,369.9759735107422,77186.60859375,129.38580741882325,151863.1835937499,forecast
2021-06-11,21981.43449890995,4591.1572265625,38213.42825529716,1074.7750244140625,20048.87158203125,343.6898254394531,78803.27812500008,117.18244228363037,147931.20585937498,forecast
2021-06-12,22002.00784264946,4583.533935546875,37666.40995450312,1032.7254028320312,20770.28076171875,322.6314208984375,79651.13906250002,106.24477691650391,144895.44531249985,forecast
2021-06-13,21973.458997404097,4578.62890625,37072.19643165344,994.2386474609375,21429.8525390625,303.6844207763672,80654.17343750001,96.26903400421142,137532.7734375,forecast
2021-06-14,21898.98403052759,4573.2724609375,36436.19438570155,957.1756134033203,21949.64794921875,284.8278381347656,81110.28203125001,87.25925064086914,137045.8796875,forecast
2021-06-15,21781.89870298481,4559.970458984375,35763.36557120626,921.4769897460938,22488.82958984375,266.15296630859376,81889.71953125001,79.10837879180909,132887.266796875,forecast
2021-06-16,21625.451053521632,4562.18017578125,35058.52721983028,886.4181823730469,23157.88134765625,248.9031234741211,79247.25859375001,71.70685768127441,129856.39238281242,forecast
2021-06-17,21433.022804561617,4556.06787109375,34326.45899226326,852.2398376464844,23535.21533203125,232.29918212890624,78123.96718750005,64.95015201568603,125449.38105468747,forecast
2021-06-18,21207.864325095892,4547.404052734375,33572.040555459185,819.8488464355469,24157.9609375,217.7931137084961,77235.48281250003,58.838254356384276,119668.27675781245,forecast
2021-06-19,20953.258615530252,4534.24169921875,32800.079215176476,788.8505096435547,24778.341796875,204.10537261962892,76787.62421875,53.36865949630737,116325.87734374998,forecast
2021-06-20,20672.329560962917,4515.22412109375,32015.310529495604,759.2477264404297,25356.640625,191.2322952270508,75145.05078125006,48.43431205749512,112651.8005859375,forecast
2021-06-21,20368.199734696387,4492.24072265625,31222.162250440942,731.1553802490234,25808.626953125,178.91121368408204,73660.44453125003,43.826137447357176,108744.56484374992,forecast
2021-06-22,20043.79903599596,4463.64599609375,30424.809980050682,703.8195343017578,25669.3544921875,167.30245666503907,72940.41796875001,39.75321397781372,105779.82988281248,forecast
2021-06-23,19701.908486201526,4440.5703125,29627.027900736517,678.2324066162109,26127.18896484375,156.82538146972658,71948.87890625004,35.90114517211914,101531.04355468745,forecast
2021-06-24,19345.17288095057,4428.8857421875,28832.10255384677,650.0411529541016,25596.7587890625,146.74149017333986,69911.07812500004,32.68674507141113,98825.14414062488,forecast
2021-06-25,18976.086033894302,4417.8017578125,28042.95083939881,623.7234344482422,25737.48486328125,137.08250122070314,68910.78046875,29.584912538528442,96186.15976562497,forecast
2021-06-26,18596.92974532032,4379.001220703125,27262.012514059756,599.5372619628906,25753.587890625,127.78755722045898,66527.15625000003,26.905243492126466,93116.99316406247,forecast
2021-06-27,18209.84040374148,4357.229248046875,26491.35342988434,576.2026519775391,25684.2958984375,119.41755905151368,65029.64218750004,24.33613305091858,88488.32324218749,forecast
2021-06-28,17816.790673012732,4331.981201171875,25732.643411569883,553.2811126708984,25517.86572265625,111.36388320922852,63495.769921875,22.075397539138795,85074.10078124993,forecast
2021-06-29,17419.559922080636,4305.2939453125,24987.29912500595,530.7635192871094,25439.08935546875,104.03295440673828,61974.24609375,20.07024827003479,82676.70214843746,forecast
2021-06-30,17019.774917219915,4275.68701171875,24256.384728666893,510.5099792480469,24979.197265625,97.16901016235352,60164.68007812502,18.1179678440094,79827.50195312493,forecast
2021-07-01,16618.920055345654,4253.37939453125,23540.80120644796,491.3044128417969,24633.626953125,90.63070678710938,57703.521093750016,16.400519800186157,77357.68945312497,forecast
2021-07-02,16218.325461640834,4180.957275390625,22841.22874662192,473.1986846923828,24378.81103515625,84.57601394653321,56008.812109375016,14.897421097755432,75569.81738281249,forecast
2021-07-03,15819.191254126847,4116.952392578125,22158.167390284547,454.8901596069336,24257.607421875,78.96848831176759,53460.86484375,13.498860692977907,73672.84921874998,forecast
2021-07-04,15422.570481052651,4037.486083984375,21492.045539468672,437.01356506347656,23776.357421875,73.61355972290039,51820.798046875,12.210684633255006,71178.4927734375,forecast
2021-07-05,15029.402046631556,4000.3887939453125,20843.148772956705,420.1341018676758,23526.50390625,68.6933090209961,50032.573828125096,11.138357114791871,69214.46816406248,forecast
2021-07-06,14640.509970772773,3972.8262939453125,20211.63725765646,402.6894302368164,22619.69775390625,64.09112205505372,48552.63281250001,10.070110177993774,67129.66445312499,forecast
2021-07-07,14256.599088218049,3868.307373046875,19597.670997761306,386.65299224853516,22091.45703125,59.80701217651368,47461.90234375002,9.104360294342042,65017.85771484373,forecast
2021-07-08,13878.327420748898,3753.283935546875,19001.259726531855,371.1355438232422,21883.18994140625,55.777031707763676,45480.62421875003,8.248684883117676,62614.58222656247,forecast
2021-07-09,13506.19676301548,3690.5611572265625,18422.425187874185,356.4315490722656,21675.125,52.053055191040045,44725.68359375,7.4975458741188055,60367.129492187494,forecast
2021-07-10,13140.661291144852,3578.5169677734375,17861.085207152217,342.35326385498047,21541.47412109375,48.43750762939453,43309.929296875,6.751943516731262,58305.13066406248,forecast
2021-07-11,12782.096076851722,3445.7318115234375,17317.131555740158,327.84039306640625,20705.09619140625,44.945138168334964,41787.65312500001,6.209879660606385,56627.18242187499,forecast
2021-07-12,12430.812069536467,3418.10546875,16790.404017530975,314.22013092041016,20333.28076171875,41.93691482543945,40388.67578125001,5.467045414447784,54699.36123046874,forecast
2021-07-13,12087.012106459584,3321.361572265625,16280.713376567006,301.6834411621094,19555.89794921875,39.17014045715332,39252.04375000001,5.037823188304901,52679.639941406225,forecast
2021-07-14,11750.94940411238,3266.6964111328125,15787.79266687901,289.65601348876953,19047.41015625,36.66567535400391,38012.65507812502,4.605832874774933,50696.77871093748,forecast
2021-07-15,11422.683227311496,3162.9447021484375,15311.373051020539,277.36051177978516,18657.181640625,34.21844596862793,36854.21796875005,4.3996523976325985,48916.28056640625,forecast
2021-07-16,11102.366953064065,3115.7349853515625,14851.121977681913,266.30712890625,18414.70166015625,32.09494323730469,36116.457031250015,3.81053124666214,47501.3001953125,forecast
2021-07-17,10790.023494448964,3007.8336181640625,14406.701542831606,255.60321426391602,17888.77197265625,29.971442604064944,35093.17343750001,3.870426630973816,46067.51035156248,forecast
2021-07-18,10485.642953219141,2918.8814697265625,13977.758924496724,245.2793426513672,17307.06103515625,27.95660610198975,34075.413671875016,3.371793818473816,44961.96845703123,forecast
2021-07-19,10189.219195431218,2865.1295166015625,13563.825916542612,235.127685546875,16895.86962890625,26.01121768951416,33301.7828125,3.1897330462932585,43552.4798828125,forecast
2021-07-20,9900.74527524332,2753.624755859375,13164.53536532041,223.64528274536133,16366.25,24.34981555938721,32052.002148437514,3.0422232031822207,42445.97783203119,forecast
2021-07-21,9620.066467004825,2725.093505859375,12779.42034767875,213.79524612426758,15960.040771484375,22.730073165893554,31461.0037109375,2.5250987112522125,41451.493749999965,forecast
2021-07-22,9347.184674474374,2690.2249755859375,12408.017941591657,202.70059204101562,15612.430908203125,21.149128913879395,30359.121875000008,2.4360772848129275,40198.50380859372,forecast
2021-07-23,9081.92204302812,2569.678466796875,12049.867105724126,191.55356216430664,15200.672119140625,19.783469200134277,29267.586132812507,2.1762593626976012,39083.97324218749,forecast
2021-07-24,8824.197711087629,2523.9566650390625,11704.489952018052,180.9898681640625,14629.7333984375,18.569464111328127,28664.365234375,2.082574346661568,37955.37636718749,forecast
2021-07-25,8573.834612498958,2464.80517578125,11371.41734007778,171.28918075561523,14150.770263671875,17.265092849731445,27920.7310546875,1.7674037337303163,36777.22900390624,forecast
2021-07-26,8330.66516579004,2369.5782470703125,11050.168225474217,164.2743797302246,13918.30712890625,16.019968986511234,27446.514648437504,1.0287075608968734,35535.7826171875,forecast
2021-07-27,8094.658767003864,2302.9385986328125,10740.250873735768,157.34738159179688,13685.89111328125,15.042898178100588,26415.134179687513,1.0044940769672395,34522.41757812498,forecast
2021-07-28,7865.553304708138,2175.9517822265625,10441.250724530832,150.73229217529297,13352.005615234375,13.94452409744263,25655.738476562503,0.8820226192474365,33517.339453124994,forecast
2021-07-29,7643.185813334357,2059.3941650390625,10152.670525125131,144.09109115600586,13052.625244140625,12.706489276885987,24675.442187500015,0.9231230422854424,32229.681347656235,forecast
2021-07-30,7427.406479934033,2018.2432861328125,9874.064986005906,137.44979095458984,12750.94189453125,11.893087863922121,23809.341015625,0.7354261681437493,31280.42275390625,forecast
2021-07-31,7218.034717919309,1955.5453491210938,9605.017048964719,131.99238204956055,12339.044189453125,11.102434444427491,22984.20644531252,0.7332500010728836,30482.60859375,forecast
2021-08-01,7014.894830541134,1889.8158569335938,9345.076126913673,124.59800910949707,11984.806640625,10.300407505035402,22426.419140625007,0.6400582879781723,29648.76782226562,forecast
2021-08-02,6817.803900705297,1851.69970703125,9093.913668897498,117.07855224609375,11742.259765625,9.727530670166017,21793.169140625007,0.4406120479106903,28959.40947265623,forecast
2021-08-03,6626.693522585273,1755.3079833984375,8851.078595274437,110.7499771118164,11381.236328125,8.856590270996094,21347.332226562503,0.5562405288219452,28125.54267578123,forecast
2021-08-04,6441.271930403776,1722.7175903320312,8616.242717313811,105.16689491271973,11089.083740234375,8.286329078674317,20913.81640625001,0.40464569330215455,27582.843457031246,forecast
2021-08-05,6261.354387178987,1617.5670166015625,8388.986357661997,100.15251159667969,10834.910400390625,7.72025809288025,20410.2794921875,0.34610148444771766,27100.76435546875,forecast
2021-08-06,6086.923085570373,1561.5335083007812,8169.0636120880845,94.60975074768066,10494.984619140625,7.165031147003174,20007.189062500005,0.3223281554877758,26570.475390624993,forecast
2021-08-07,5917.717653553065,1513.4278564453125,7956.112258399463,89.50399208068848,10200.45556640625,6.701329565048218,19255.784179687507,0.2952535524964333,26062.787060546874,forecast
2021-08-08,5753.57258452227,1469.2473754882812,7749.861396026848,84.63232421875,9748.82568359375,6.250172090530396,18753.371484375006,0.2943864796310664,25422.59545898435,forecast
2021-08-09,5594.3186532676145,1419.3223876953125,7549.964563652114,80.82073783874512,9480.67041015625,6.006763172149659,18316.3490234375,0.14452611766755585,24773.437109374994,forecast
2021-08-10,5439.869137873482,1349.306884765625,7356.245642962601,74.96864700317383,9166.06689453125,5.496238374710083,17880.48789062501,0.11207085382193327,24126.5892578125,forecast
2021-08-11,5290.006036198895,1323.5012817382812,7168.343592611974,71.44473457336426,8828.001708984375,5.225015687942506,17397.770898437506,0.11133090481162071,23557.561669921844,forecast
2021-08-12,5144.6681195246165,1267.9056396484375,6986.129822121443,67.7081069946289,8748.6923828125,4.965463256835938,16859.853320312504,0.09278745353221894,23021.590332031228,forecast
2021-08-13,5003.641920863718,1206.6130981445312,6809.2742278114965,63.13568687438965,8419.175537109375,4.83353705406189,16426.970898437503,0.0,22360.989599609366,forecast
2021-08-14,4866.833685768795,1167.4204711914062,6637.672410011104,59.339632987976074,8088.17138671875,4.46584186553955,15983.007031250001,0.0,21701.931787109374,forecast
2021-08-15,4734.055563325875,1115.3782958984375,6471.050702871914,55.54564094543457,7914.552978515625,4.200823974609375,15558.714746093752,0.0,21107.570458984366,forecast
2021-08-16,4605.209170450565,1086.0801391601562,6309.226064537524,52.42939472198486,7649.316162109375,3.9338399887084963,15080.851562500005,0.0,20576.730517578122,forecast
